awbNo,status_code,rowNo,version_no,booking_status,wgt_chargeable,vol_gross,create_date_time,departureLocation,arrrivalLocation,total_no_of_pieces,total_weight,total_net_volume,product_code,nature_of_goods,commodity,segdepartureLocation,segarrrivalLocation,transportIdentifier,flight_date,movementTimesScheduledOutbound,movementTimesScheduledInbound,movementTimesActualInbound,movementTimesActualOutbound,delay,delay_code,eventDate,event_occurence_date_time_utc,eventCode,CargoIQDescription,awb_no,status_code,discrepancy_code,irreg_reason_code,irreg_desc
PVG-31634632,ARR,4,8,Confirmed,231,0.86,2023-05-24T09:49:07Z,PVG,MXP,1,231,0.67,YNZ,CONSOLIDATION CARGOAS PER ATTACHEDMANIFESTNOT REST,"General Cargo, not restr (SMU)",PVG,VIE,OS0076,27/05/2023,27/05/2023 02:10,27/05/2023 14:35,NULL,27/05/2023 10:09,+0:5,NULL,27/05/2023 16:47,27/05/2023 14:47,ARR,Arrived,020-31634632,ARR,NULL,NULL,1
HAM-31714535,LDP,5,5,Confirmed,181,2.81,2023-05-25T10:51:48Z,HAM,TAO,4,181,0.84,YNZ,GASKETS O-RING NOZZLNOZZLE ELEMENT LEVER-SPARE PAR,"Ship parts, not restr",HAM,FRA,LH7007S,26/05/2023,26/05/2023 19:00,27/05/2023 04:00,27/05/2023 05:20,26/05/2023 21:00,-0:40,NULL,27/05/2023 07:39,27/05/2023 05:39,RCS,Ready for Carriage,020-31714535,LDP,NULL,NULL,4
HAM-31714535,RCF,6,5,Confirmed,181,2.81,2023-05-25T10:51:48Z,HAM,TAO,4,181,0.84,YNZ,GASKETS O-RING NOZZLNOZZLE ELEMENT LEVER-SPARE PAR,"Ship parts, not restr",HAM,FRA,LH7007S,26/05/2023,26/05/2023 19:00,27/05/2023 04:00,27/05/2023 05:20,26/05/2023 21:00,-0:40,NULL,27/05/2023 07:57,27/05/2023 05:57,RCF ,Received Cargo from Flight,020-31714535,RCF,NULL,NULL,2
HAM-31714535,RCF,6,5,Confirmed,181,2.81,2023-05-25T10:51:48Z,HAM,TAO,4,181,0.84,YNZ,GASKETS O-RING NOZZLNOZZLE ELEMENT LEVER-SPARE PAR,"Ship parts, not restr",HAM,FRA,LH7007S,26/05/2023,26/05/2023 19:00,27/05/2023 04:00,27/05/2023 05:20,26/05/2023 21:00,-0:40,NULL,27/05/2023 08:13,27/05/2023 06:13,RCF ,Received Cargo from Flight,020-31714535,RCF,NULL,NULL,2
FRA-32766031,DEP,10,7,Confirmed,5.5,0.03,2023-05-25T06:55:04Z,FRA,LAX,1,5.2,0.03,YDC,CONSOLIDATION AS PERATTACHED LIST,DG Cl. 8 corrosives CAO,FRA,LAX,LH8074,27/05/2023,27/05/2023 13:45,28/05/2023 01:45,27/05/2023 18:56,27/05/2023 15:55,+0:11,36/0010/,27/05/2023 15:55,27/05/2023 13:55,DEP,Departed,020-32766031,DEP,NULL,NULL,1
FRA-32766031,MAN,9,7,Confirmed,5.5,0.03,2023-05-25T06:55:04Z,FRA,LAX,1,5.2,0.03,YDC,CONSOLIDATION AS PERATTACHED LIST,DG Cl. 8 corrosives CAO,FRA,LAX,LH8074,27/05/2023,27/05/2023 13:45,28/05/2023 01:45,27/05/2023 18:56,27/05/2023 15:55,+0:11,36/0010/,27/05/2023 14:40,27/05/2023 12:40,FOW,Freight out Warehouse,020-32766031,MAN,NULL,NULL,1
FMO-31457031,ARR,8,8,Confirmed,62,1.11,2023-05-25T12:52:35Z,FMO,ORD,1,46,0.37,YNZ,SPARE PARTSFOR PRINTING MACHINE-NOT RESTRICTED-,"Spare parts, not restr",FMO,FRA,LH7051A,26/05/2023,26/05/2023 19:00,27/05/2023 00:15,27/05/2023 04:22,26/05/2023 22:00,+2:7,27/0100/,29/05/2023 12:37,29/05/2023 17:37,ARR,Arrived,020-31457031,ARR,NULL,NULL,1
FMO-31457031,NFD,16,8,Confirmed,62,1.11,2023-05-25T12:52:35Z,FMO,ORD,1,46,0.37,YNZ,SPARE PARTSFOR PRINTING MACHINE-NOT RESTRICTED-,"Spare parts, not restr",FMO,FRA,LH7051A,26/05/2023,26/05/2023 19:00,27/05/2023 00:15,27/05/2023 04:22,26/05/2023 22:00,+2:7,27/0100/,29/05/2023 16:35,29/05/2023 21:35,NFD,Notified for Delivery,020-31457031,NFD,NULL,NULL,1
FMO-31457031,RCF,9,8,Confirmed,62,1.11,2023-05-25T12:52:35Z,FMO,ORD,1,46,0.37,YNZ,SPARE PARTSFOR PRINTING MACHINE-NOT RESTRICTED-,"Spare parts, not restr",FMO,FRA,LH7051A,26/05/2023,26/05/2023 19:00,27/05/2023 00:15,27/05/2023 04:22,26/05/2023 22:00,+2:7,27/0100/,29/05/2023 16:35,29/05/2023 21:35,RCF ,Received Cargo from Flight,020-31457031,RCF,NULL,NULL,1
PRG-34250565,MAN,3,7,Confirmed,1506,9.07,2023-05-23T07:22:09Z,PRG,ATL,7,1506,7.2,ZXF,DOOR LACK - NOTRECTRICTEDHS CODE83012000INV.NO. 96,"Spare parts, not restr",PRG,FRA,LH7433S,27/05/2023,27/05/2023 18:30,28/05/2023 03:30,28/05/2023 04:13,27/05/2023 18:50,0,NULL,27/05/2023 20:30,27/05/2023 18:30,FOW,Freight out Warehouse,020-34250565,MAN,NULL,NULL,7
FRA-34274516,ARR,5,3,Confirmed,10,0.06,2023-05-25T07:35:32Z,FRA,LHR,1,6.4,0.06,ZXF,"General Cargo, not restr","General Cargo, not restr",FRA,LHR,LH0924,27/05/2023,27/05/2023 05:00,27/05/2023 06:40,NULL,27/05/2023 07:03,-0:7,NULL,27/05/2023 07:39,27/05/2023 06:39,ARR,Arrived,020-34274516,ARR,NULL,NULL,1
FRA-34274516,DEP,4,3,Confirmed,10,0.06,2023-05-25T07:35:32Z,FRA,LHR,1,6.4,0.06,ZXF,"General Cargo, not restr","General Cargo, not restr",FRA,LHR,LH0924,27/05/2023,27/05/2023 05:00,27/05/2023 06:40,NULL,27/05/2023 07:03,-0:7,NULL,27/05/2023 07:03,27/05/2023 05:03,DEP,Departed,020-34274516,DEP,NULL,NULL,1
FRA-34274516,NFD,6,3,Confirmed,10,0.06,2023-05-25T07:35:32Z,FRA,LHR,1,6.4,0.06,ZXF,"General Cargo, not restr","General Cargo, not restr",FRA,LHR,LH0924,27/05/2023,27/05/2023 05:00,27/05/2023 06:40,NULL,27/05/2023 07:03,-0:7,NULL,27/05/2023 08:51,27/05/2023 07:51,NFD,Notified for Delivery,020-34274516,NFD,NULL,NULL,1
FRA-34274516,RCF,7,3,Confirmed,10,0.06,2023-05-25T07:35:32Z,FRA,LHR,1,6.4,0.06,ZXF,"General Cargo, not restr","General Cargo, not restr",FRA,LHR,LH0924,27/05/2023,27/05/2023 05:00,27/05/2023 06:40,NULL,27/05/2023 07:03,-0:7,NULL,27/05/2023 08:51,27/05/2023 07:51,RCF ,Received Cargo from Flight,020-34274516,RCF,NULL,NULL,1
DFW-55108970,ARR,4,9,Confirmed,19,0.11,2023-05-25T12:21:56Z,DFW,CPH,3,13,0.11,YDG,CIVIL AIRCRAFT PARTSHTS 3911.90.9010 3506.10.0000,Combination of DG pax + cargo,DFW,IAH,LH6865S,26/05/2023,27/05/2023 01:00,27/05/2023 16:00,NULL,26/05/2023 19:45,-0:30,NULL,27/05/2023 09:30,27/05/2023 14:30,ARR,Arrived,020-55108970,ARR,NULL,NULL,3
EBB-45893411,ARR,6,17,Confirmed,2559,6.58,2023-05-24T06:42:52Z,EBB,PDX,42,2559,6,YNZ,COFFEE,"General Cargo, not restr",EBB,BRU,SN0467,26/05/2023,26/05/2023 20:25,27/05/2023 04:40,26/05/2023 19:00,26/05/2023 10:36,+0:10,NULL,27/05/2023 12:29,27/05/2023 10:29,ARR,Arrived,020-45893411,ARR,NULL,NULL,42
EBB-45893411,RCF,9,17,Confirmed,2559,6.58,2023-05-24T06:42:52Z,EBB,PDX,42,2559,6,YNZ,COFFEE,"General Cargo, not restr",EBB,BRU,SN0467,26/05/2023,26/05/2023 20:25,27/05/2023 04:40,26/05/2023 19:00,26/05/2023 10:36,+0:10,NULL,27/05/2023 12:29,27/05/2023 10:29,RCF ,Received Cargo from Flight,020-45893411,RCF,NULL,NULL,42
FRA-90906686,ARR,5,4,Confirmed,394,1.02,2023-05-25T12:57:06Z,FRA,OSL,50,333.5,0.3,FNP,NEWSPAPERFINANCIAL TIMESINYTCOO DE,Newspapers,FRA,OSL,LH0866,27/05/2023,27/05/2023 05:05,27/05/2023 07:00,NULL,27/05/2023 07:14,+0:17,NULL,27/05/2023 09:16,27/05/2023 07:16,ARR,Arrived,020-90906686,ARR,NULL,NULL,50
FRA-90906686,DEP,4,4,Confirmed,394,1.02,2023-05-25T12:57:06Z,FRA,OSL,50,333.5,0.3,FNP,NEWSPAPERFINANCIAL TIMESINYTCOO DE,Newspapers,FRA,OSL,LH0866,27/05/2023,27/05/2023 05:05,27/05/2023 07:00,NULL,27/05/2023 07:14,+0:17,NULL,27/05/2023 07:14,27/05/2023 05:14,DEP,Departed,020-90906686,DEP,NULL,NULL,50
FRA-90906686,DLV,8,4,Confirmed,394,1.02,2023-05-25T12:57:06Z,FRA,OSL,50,333.5,0.3,FNP,NEWSPAPERFINANCIAL TIMESINYTCOO DE,Newspapers,FRA,OSL,LH0866,27/05/2023,27/05/2023 05:05,27/05/2023 07:00,NULL,27/05/2023 07:14,+0:17,NULL,27/05/2023 12:50,27/05/2023 10:50,DLV,Delivered Destination Airport,020-90906686,DLV,NULL,NULL,50
FRA-90906686,NFD,7,4,Confirmed,394,1.02,2023-05-25T12:57:06Z,FRA,OSL,50,333.5,0.3,FNP,NEWSPAPERFINANCIAL TIMESINYTCOO DE,Newspapers,FRA,OSL,LH0866,27/05/2023,27/05/2023 05:05,27/05/2023 07:00,NULL,27/05/2023 07:14,+0:17,NULL,27/05/2023 10:23,27/05/2023 08:23,NFD,Notified for Delivery,020-90906686,NFD,NULL,NULL,50
FRA-90906686,RCF,6,4,Confirmed,394,1.02,2023-05-25T12:57:06Z,FRA,OSL,50,333.5,0.3,FNP,NEWSPAPERFINANCIAL TIMESINYTCOO DE,Newspapers,FRA,OSL,LH0866,27/05/2023,27/05/2023 05:05,27/05/2023 07:00,NULL,27/05/2023 07:14,+0:17,NULL,27/05/2023 10:17,27/05/2023 08:17,RCF ,Received Cargo from Flight,020-90906686,RCF,NULL,NULL,50
LHR-98312454,DEP,3,7,Confirmed,540,4.19,2023-05-23T15:01:35Z,LHR,ABJ,3,272,3.24,YNZ,3 PALLETS OF,"Spare parts, not restr",LHR,BRU,LH6355S,27/05/2023,27/05/2023 10:00,28/05/2023 11:00,28/05/2023 00:30,27/05/2023 12:30,+1:30,84/0130/,27/05/2023 12:30,27/05/2023 11:30,DEP,Departed,020-98312454,DEP,NULL,NULL,3
LHR-98312454,MAN,2,7,Confirmed,540,4.19,2023-05-23T15:01:35Z,LHR,ABJ,3,272,3.24,YNZ,3 PALLETS OF,"Spare parts, not restr",LHR,BRU,LH6355S,27/05/2023,27/05/2023 10:00,28/05/2023 11:00,28/05/2023 00:30,27/05/2023 12:30,+1:30,84/0130/,27/05/2023 07:09,27/05/2023 06:09,FOW,Freight out Warehouse,020-98312454,MAN,NULL,NULL,3
LHR-98312454,MAN,2,7,Confirmed,540,4.19,2023-05-23T15:01:35Z,LHR,ABJ,3,272,3.24,YNZ,3 PALLETS OF,"Spare parts, not restr",LHR,BRU,LH6355S,27/05/2023,27/05/2023 10:00,28/05/2023 11:00,28/05/2023 00:30,27/05/2023 12:30,+1:30,84/0130/,27/05/2023 13:19,27/05/2023 12:19,FOW,Freight out Warehouse,020-98312454,MAN,NULL,NULL,3
AMS-98701341,FOH,1,6,Confirmed,542,1.4,2023-05-25T11:22:08Z,AMS,DSS,1,542,1.03,FDG,OIL GAS EQUIPMENTPHT23A470311229886CMPO174120552A,DG Cl. 9 other restr material,AMS,BRU,LH6347S,30/05/2023,30/05/2023 18:30,30/05/2023 23:30,30/05/2023 21:57,30/05/2023 20:06,-0:3,NULL,27/05/2023 01:06,26/05/2023 23:06,FOH,Freight on Hand,020-98701341,FOH,NULL,NULL,1
FMO-31457031,DEP,4,8,Confirmed,62,1.11,2023-05-25T12:52:35Z,FMO,ORD,1,46,0.37,YNZ,SPARE PARTSFOR PRINTING MACHINE-NOT RESTRICTED-,"Spare parts, not restr",FMO,FRA,LH7051A,26/05/2023,26/05/2023 19:00,27/05/2023 00:15,27/05/2023 04:22,26/05/2023 22:00,+2:7,27/0100/,27/05/2023 16:55,27/05/2023 14:55,DEP,Departed,020-31457031,DEP,NULL,NULL,1
PVG-31634632,RCF,5,8,Confirmed,231,0.86,2023-05-24T09:49:07Z,PVG,MXP,1,231,0.67,YNZ,CONSOLIDATION CARGOAS PER ATTACHEDMANIFESTNOT REST,"General Cargo, not restr (SMU)",PVG,VIE,OS0076,27/05/2023,27/05/2023 02:10,27/05/2023 14:35,NULL,27/05/2023 10:09,+0:5,NULL,27/05/2023 21:27,27/05/2023 19:27,RCF ,Received Cargo from Flight,020-31634632,RCF,NULL,NULL,1
CPT-30672725,DEP,4,16,Confirmed,1728,13.2,2023-05-08T10:46:07Z,CPT,AMS,1,1727,16.93,YTF,CONSOLIDATION AS PERATTACHED LIST1 UNITCONTAINING ,"Perishables (Cut flowers, ferns, other plants)",CPT,FRA,LH0577,27/05/2023,27/05/2023 15:45,28/05/2023 03:30,28/05/2023 05:33,27/05/2023 17:43,+0:3,NULL,27/05/2023 17:43,27/05/2023 15:43,DEP,Departed,020-30672725,DEP,NULL,NULL,1
PRG-34250565,DEP,2,7,Confirmed,1506,9.07,2023-05-23T07:22:09Z,PRG,ATL,7,1506,7.2,ZXF,DOOR LACK - NOTRECTRICTEDHS CODE83012000INV.NO. 96,"Spare parts, not restr",PRG,FRA,LH7433S,27/05/2023,27/05/2023 18:30,28/05/2023 03:30,28/05/2023 04:13,27/05/2023 18:50,#VALUE!,NULL,27/05/2023 18:50,27/05/2023 16:50,DEP,Departed,020-34250565,DEP,NULL,NULL,7
PRG-34250565,MAN,3,7,Confirmed,1506,9.07,2023-05-23T07:22:09Z,PRG,ATL,7,1506,7.2,ZXF,DOOR LACK - NOTRECTRICTEDHS CODE83012000INV.NO. 96,"Spare parts, not restr",PRG,FRA,LH7433S,27/05/2023,27/05/2023 18:30,28/05/2023 03:30,28/05/2023 04:13,27/05/2023 18:50,#VALUE!,NULL,27/05/2023 18:53,27/05/2023 16:53,FOW,Freight out Warehouse,020-34250565,MAN,NULL,NULL,7
EBB-45893411,MAN,1,17,Confirmed,2559,6.58,2023-05-24T06:42:52Z,EBB,PDX,42,2559,6,YNZ,COFFEE,"General Cargo, not restr",EBB,BRU,SN0467,26/05/2023,26/05/2023 20:25,27/05/2023 04:40,26/05/2023 19:00,26/05/2023 10:36,+0:10,NULL,28/05/2023 19:16,28/05/2023 17:16,FOW,Freight out Warehouse,020-45893411,MAN,NULL,NULL,42
DFW-55108970,RCF,5,9,Confirmed,19,0.11,2023-05-25T12:21:56Z,DFW,CPH,3,13,0.11,YDG,CIVIL AIRCRAFT PARTSHTS 3911.90.9010 3506.10.0000,Combination of DG pax + cargo,DFW,IAH,LH6865S,26/05/2023,27/05/2023 01:00,27/05/2023 16:00,NULL,26/05/2023 19:45,-0:30,NULL,27/05/2023 11:20,27/05/2023 16:20,RCF ,Received Cargo from Flight,020-55108970,RCF,NULL,NULL,3
ATL-83397204,DEP,3,7,Confirmed,286,2,2023-05-24T14:35:15Z,ATL,KWI,1,286,1.64,YCP,LAB SUPPLIES NON HAZ,"General Cargo, not restr",ATL,FRA,LH0445,27/05/2023,27/05/2023 20:10,28/05/2023 05:05,NULL,27/05/2023 16:08,+0:2,NULL,27/05/2023 16:08,27/05/2023 20:08,DEP,Departed,020-83397204,DEP,NULL,NULL,1
ATL-83397204,MAN,2,7,Confirmed,286,2,2023-05-24T14:35:15Z,ATL,KWI,1,286,1.64,YCP,LAB SUPPLIES NON HAZ,"General Cargo, not restr",ATL,FRA,LH0445,27/05/2023,27/05/2023 20:10,28/05/2023 05:05,NULL,27/05/2023 16:08,+0:2,NULL,27/05/2023 12:45,27/05/2023 16:45,FOW,Freight out Warehouse,020-83397204,MAN,NULL,NULL,1
FRA-95128880,LDP,4,18,Confirmed,481.5,2.34,2023-05-11T14:00:40Z,FRA,NRT,158,481.2,2.34,YDG,ACRYLAMIDERESTRICTED,Combination of DG pax + cargo,FRA,MUC,LH7260S,28/05/2023,28/05/2023 19:30,29/05/2023 02:30,29/05/2023 02:01,28/05/2023 20:15,#VALUE!,NULL,27/05/2023 18:45,27/05/2023 16:45,RCS,Ready for Carriage,020-95128880,LDP,NULL,NULL,158
LHR-98312454,RCF,5,7,Confirmed,540,4.19,2023-05-23T15:01:35Z,LHR,ABJ,3,272,3.24,YNZ,3 PALLETS OF,"Spare parts, not restr",LHR,BRU,LH6355S,27/05/2023,27/05/2023 10:00,28/05/2023 11:00,28/05/2023 00:30,27/05/2023 12:30,+1:30,84/0130/,27/05/2023 23:28,27/05/2023 21:28,RCF ,Received Cargo from Flight,020-98312454,RCF,NULL,NULL,3
PIT-31159251,DEP,1,5,Confirmed,220,1.62,2023-05-20T03:19:48Z,PIT,DUS,1,137.5,1.32,YNZ,"Exhibition goods, not restr","Exhibition goods, not restr",PIT,JFK,LH6744S,25/05/2023,26/05/2023 02:00,26/05/2023 13:00,NULL,25/05/2023 22:00,-0:15,NULL,27/05/2023 21:47,28/05/2023 01:47,DEP,Departed,020-31159251,DEP,NULL,NULL,1
PIT-31159251,MAN,5,5,Confirmed,220,1.62,2023-05-20T03:19:48Z,PIT,DUS,1,137.5,1.32,YNZ,"Exhibition goods, not restr","Exhibition goods, not restr",PIT,JFK,LH6744S,25/05/2023,26/05/2023 02:00,26/05/2023 13:00,NULL,25/05/2023 22:00,-0:15,NULL,27/05/2023 20:39,28/05/2023 00:39,FOW,Freight out Warehouse,020-31159251,MAN,NULL,NULL,1
CPT-30672725,ARR,6,16,Confirmed,1728,13.2,2023-05-08T10:46:07Z,CPT,AMS,1,1727,16.93,YTF,CONSOLIDATION AS PERATTACHED LIST1 UNITCONTAINING ,"Perishables (Cut flowers, ferns, other plants)",CPT,FRA,LH0577,27/05/2023,27/05/2023 15:45,28/05/2023 03:30,28/05/2023 05:33,27/05/2023 17:43,+0:3,NULL,28/05/2023 05:33,28/05/2023 03:33,ARR,Arrived,020-30672725,ARR,NULL,NULL,1
FMO-31457031,ARR,8,8,Confirmed,62,1.11,2023-05-25T12:52:35Z,FMO,ORD,1,46,0.37,YNZ,SPARE PARTSFOR PRINTING MACHINE-NOT RESTRICTED-,"Spare parts, not restr",FMO,FRA,LH7051A,26/05/2023,26/05/2023 19:00,27/05/2023 00:15,27/05/2023 04:22,26/05/2023 22:00,+2:7,27/0100/,28/05/2023 03:50,28/05/2023 01:50,ARR,Arrived,020-31457031,ARR,NULL,NULL,1
BUD-24599886,LDP,6,13,Confirmed,1269.5,20,2023-05-23T07:05:14Z,BUD,GRU,10,1269.3,7.29,FCP,PERISHABLE VACCINESN OT RESTRICTED HSCOD E 300242,"Pharma + diagnostics, not restr, temp-sens",BUD,FRA,LH7441S,26/05/2023,26/05/2023 20:00,27/05/2023 13:15,NULL,26/05/2023 23:00,+1:45,23/0100/,28/05/2023 03:06,28/05/2023 01:06,RCS,Ready for Carriage,020-24599886,LDP,NULL,NULL,10
FRA-22518403,ARR,5,3,Confirmed,183.5,1.15,2023-05-26T09:48:04Z,FRA,MEX,1,145,1.1,ZXF,"General Cargo, not restr","General Cargo, not restr",FRA,MEX,LH0498,27/05/2023,27/05/2023 11:35,27/05/2023 23:30,27/05/2023 17:41,27/05/2023 14:03,+0:11,NULL,27/05/2023 17:41,27/05/2023 23:41,ARR,Arrived,020-22518403,ARR,NULL,NULL,1
FRA-22518403,NFD,6,3,Confirmed,183.5,1.15,2023-05-26T09:48:04Z,FRA,MEX,1,145,1.1,ZXF,"General Cargo, not restr","General Cargo, not restr",FRA,MEX,LH0498,27/05/2023,27/05/2023 11:35,27/05/2023 23:30,27/05/2023 17:41,27/05/2023 14:03,+0:11,NULL,27/05/2023 19:57,28/05/2023 01:57,NFD,Notified for Delivery,020-22518403,NFD,NULL,NULL,1
FRA-22518403,RCF,7,3,Confirmed,183.5,1.15,2023-05-26T09:48:04Z,FRA,MEX,1,145,1.1,ZXF,"General Cargo, not restr","General Cargo, not restr",FRA,MEX,LH0498,27/05/2023,27/05/2023 11:35,27/05/2023 23:30,27/05/2023 17:41,27/05/2023 14:03,+0:11,NULL,27/05/2023 19:57,28/05/2023 01:57,RCF ,Received Cargo from Flight,020-22518403,RCF,NULL,NULL,1
FRA-32766031,ARR,11,7,Confirmed,5.5,0.03,2023-05-25T06:55:04Z,FRA,LAX,1,5.2,0.03,YDC,CONSOLIDATION AS PERATTACHED LIST,DG Cl. 8 corrosives CAO,FRA,LAX,LH8074,27/05/2023,27/05/2023 13:45,28/05/2023 01:45,27/05/2023 18:56,27/05/2023 15:55,+0:11,36/0010/,27/05/2023 18:56,28/05/2023 01:56,ARR,Arrived,020-32766031,ARR,NULL,NULL,1
FRA-32766031,NFD,12,7,Confirmed,5.5,0.03,2023-05-25T06:55:04Z,FRA,LAX,1,5.2,0.03,YDC,CONSOLIDATION AS PERATTACHED LIST,DG Cl. 8 corrosives CAO,FRA,LAX,LH8074,27/05/2023,27/05/2023 13:45,28/05/2023 01:45,27/05/2023 18:56,27/05/2023 15:55,+0:11,36/0010/,27/05/2023 21:49,28/05/2023 04:49,NFD,Notified for Delivery,020-32766031,NFD,NULL,NULL,1
FRA-32766031,RCF,13,7,Confirmed,5.5,0.03,2023-05-25T06:55:04Z,FRA,LAX,1,5.2,0.03,YDC,CONSOLIDATION AS PERATTACHED LIST,DG Cl. 8 corrosives CAO,FRA,LAX,LH8074,27/05/2023,27/05/2023 13:45,28/05/2023 01:45,27/05/2023 18:56,27/05/2023 15:55,+0:11,36/0010/,27/05/2023 21:49,28/05/2023 04:49,RCF ,Received Cargo from Flight,020-32766031,RCF,NULL,NULL,1
EBB-45893411,ARR,6,17,Confirmed,2559,6.58,2023-05-24T06:42:52Z,EBB,PDX,42,2559,6,YNZ,COFFEE,"General Cargo, not restr",EBB,BRU,SN0467,26/05/2023,26/05/2023 20:25,27/05/2023 04:40,26/05/2023 19:00,26/05/2023 10:36,+0:10,NULL,28/05/2023 06:45,28/05/2023 04:45,ARR,Arrived,020-45893411,ARR,NULL,NULL,42
EBB-45893411,DEP,4,17,Confirmed,2559,6.58,2023-05-24T06:42:52Z,EBB,PDX,42,2559,6,YNZ,COFFEE,"General Cargo, not restr",EBB,BRU,SN0467,26/05/2023,26/05/2023 20:25,27/05/2023 04:40,26/05/2023 19:00,26/05/2023 10:36,+0:10,NULL,28/05/2023 01:24,27/05/2023 23:24,DEP,Departed,020-45893411,DEP,NULL,NULL,42
EBB-45893411,MAN,1,17,Confirmed,2559,6.58,2023-05-24T06:42:52Z,EBB,PDX,42,2559,6,YNZ,COFFEE,"General Cargo, not restr",EBB,BRU,SN0467,26/05/2023,26/05/2023 20:25,27/05/2023 04:40,26/05/2023 19:00,26/05/2023 10:36,+0:10,NULL,28/05/2023 01:47,27/05/2023 23:47,FOW,Freight out Warehouse,020-45893411,MAN,NULL,NULL,42
FRA-34274516,DLV,8,3,Confirmed,10,0.06,2023-05-25T07:35:32Z,FRA,LHR,1,6.4,0.06,ZXF,"General Cargo, not restr","General Cargo, not restr",FRA,LHR,LH0924,27/05/2023,27/05/2023 05:00,27/05/2023 06:40,NULL,27/05/2023 07:03,-0:7,NULL,28/05/2023 01:14,28/05/2023 00:14,DLV,Delivered Destination Airport,020-34274516,DLV,NULL,NULL,1
PRG-34250565,ARR,5,7,Confirmed,1506,9.07,2023-05-23T07:22:09Z,PRG,ATL,7,1506,7.2,ZXF,DOOR LACK - NOTRECTRICTEDHS CODE83012000INV.NO. 96,"Spare parts, not restr",PRG,FRA,LH7433S,27/05/2023,27/05/2023 18:30,28/05/2023 03:30,28/05/2023 04:13,27/05/2023 18:50,#VALUE!,NULL,28/05/2023 04:13,28/05/2023 02:13,ARR,Arrived,020-34250565,ARR,NULL,NULL,7
PRG-34250565,RCF,6,7,Confirmed,1506,9.07,2023-05-23T07:22:09Z,PRG,ATL,7,1506,7.2,ZXF,DOOR LACK - NOTRECTRICTEDHS CODE83012000INV.NO. 96,"Spare parts, not restr",PRG,FRA,LH7433S,27/05/2023,27/05/2023 18:30,28/05/2023 03:30,28/05/2023 04:13,27/05/2023 18:50,#VALUE!,NULL,28/05/2023 06:58,28/05/2023 04:58,RCF ,Received Cargo from Flight,020-34250565,RCF,NULL,NULL,2
PRG-34250565,RCF,6,7,Confirmed,1506,9.07,2023-05-23T07:22:09Z,PRG,ATL,7,1506,7.2,ZXF,DOOR LACK - NOTRECTRICTEDHS CODE83012000INV.NO. 96,"Spare parts, not restr",PRG,FRA,LH7433S,27/05/2023,27/05/2023 18:30,28/05/2023 03:30,28/05/2023 04:13,27/05/2023 18:50,#VALUE!,NULL,28/05/2023 06:59,28/05/2023 04:59,RCF ,Received Cargo from Flight,020-34250565,RCF,NULL,NULL,4
DFW-55108970,LDP,6,9,Confirmed,19,0.11,2023-05-25T12:21:56Z,DFW,CPH,3,13,0.11,YDG,CIVIL AIRCRAFT PARTSHTS 3911.90.9010 3506.10.0000,Combination of DG pax + cargo,DFW,IAH,LH6865S,26/05/2023,27/05/2023 01:00,27/05/2023 16:00,NULL,26/05/2023 19:45,-0:30,NULL,27/05/2023 21:16,28/05/2023 02:16,RCS,Ready for Carriage,020-55108970,LDP,NULL,NULL,3
DFW-55108970,MAN,2,9,Confirmed,19,0.11,2023-05-25T12:21:56Z,DFW,CPH,3,13,0.11,YDG,CIVIL AIRCRAFT PARTSHTS 3911.90.9010 3506.10.0000,Combination of DG pax + cargo,DFW,IAH,LH6865S,26/05/2023,27/05/2023 01:00,27/05/2023 16:00,NULL,26/05/2023 19:45,-0:30,NULL,27/05/2023 22:35,28/05/2023 03:35,FOW,Freight out Warehouse,020-55108970,MAN,NULL,NULL,3
LHR-98312454,MAN,2,7,Confirmed,540,4.19,2023-05-23T15:01:35Z,LHR,ABJ,3,272,3.24,YNZ,3 PALLETS OF,"Spare parts, not restr",LHR,BRU,LH6355S,27/05/2023,27/05/2023 10:00,28/05/2023 11:00,28/05/2023 00:30,27/05/2023 12:30,+1:30,84/0130/,28/05/2023 06:07,28/05/2023 04:07,FOW,Freight out Warehouse,020-98312454,MAN,NULL,NULL,3
PEK-16360886,FOH,1,13,Confirmed,4555,21.05,2023-05-22T06:07:52Z,PEK,FRA,160,4555,21.05,YNZ,POWER PACK BEAUTY EQUIPMENT LADY BAGS NOT RESTRICT,"General Cargo, not restr",PEK,FRA,LH8431,29/05/2023,28/05/2023 19:20,29/05/2023 08:00,NULL,29/05/2023 03:10,#VALUE!,NULL,28/05/2023 15:51,28/05/2023 07:51,FOH,Freight on Hand,020-16360886,FOH,NULL,NULL,160
FRA-22518403,DLV,8,3,Confirmed,183.5,1.15,2023-05-26T09:48:04Z,FRA,MEX,1,145,1.1,ZXF,"General Cargo, not restr","General Cargo, not restr",FRA,MEX,LH0498,27/05/2023,27/05/2023 11:35,27/05/2023 23:30,27/05/2023 17:41,27/05/2023 14:03,+0:11,NULL,28/05/2023 01:33,28/05/2023 07:33,DLV,Delivered Destination Airport,020-22518403,DLV,NULL,NULL,1
CPT-30672725,MAN,3,16,Confirmed,1728,13.2,2023-05-08T10:46:07Z,CPT,AMS,1,1727,16.93,YTF,CONSOLIDATION AS PERATTACHED LIST1 UNITCONTAINING ,"Perishables (Cut flowers, ferns, other plants)",CPT,FRA,LH0577,27/05/2023,27/05/2023 15:45,28/05/2023 03:30,28/05/2023 05:33,27/05/2023 17:43,+0:3,NULL,28/05/2023 17:52,28/05/2023 15:52,FOW,Freight out Warehouse,020-30672725,MAN,NULL,NULL,1
CPT-30672725,RCF,7,16,Confirmed,1728,13.2,2023-05-08T10:46:07Z,CPT,AMS,1,1727,16.93,YTF,CONSOLIDATION AS PERATTACHED LIST1 UNITCONTAINING ,"Perishables (Cut flowers, ferns, other plants)",CPT,FRA,LH0577,27/05/2023,27/05/2023 15:45,28/05/2023 03:30,28/05/2023 05:33,27/05/2023 17:43,+0:3,NULL,28/05/2023 07:30,28/05/2023 05:30,RCF ,Received Cargo from Flight,020-30672725,RCF,NULL,NULL,1
PIT-31159251,ARR,6,5,Confirmed,220,1.62,2023-05-20T03:19:48Z,PIT,DUS,1,137.5,1.32,YNZ,"Exhibition goods, not restr","Exhibition goods, not restr",PIT,JFK,LH6744S,25/05/2023,26/05/2023 02:00,26/05/2023 13:00,NULL,25/05/2023 22:00,-0:15,NULL,28/05/2023 11:39,28/05/2023 09:39,ARR,Arrived,020-31159251,ARR,NULL,NULL,1
PIT-31159251,RCF,7,5,Confirmed,220,1.62,2023-05-20T03:19:48Z,PIT,DUS,1,137.5,1.32,YNZ,"Exhibition goods, not restr","Exhibition goods, not restr",PIT,JFK,LH6744S,25/05/2023,26/05/2023 02:00,26/05/2023 13:00,NULL,25/05/2023 22:00,-0:15,NULL,28/05/2023 14:51,28/05/2023 12:51,RCF ,Received Cargo from Flight,020-31159251,RCF,NULL,NULL,1
HAM-31714535,DEP,3,5,Confirmed,181,2.81,2023-05-25T10:51:48Z,HAM,TAO,4,181,0.84,YNZ,GASKETS O-RING NOZZLNOZZLE ELEMENT LEVER-SPARE PAR,"Ship parts, not restr",HAM,FRA,LH7007S,26/05/2023,26/05/2023 19:00,27/05/2023 04:00,27/05/2023 05:20,26/05/2023 21:00,-0:40,NULL,28/05/2023 08:39,28/05/2023 06:39,DEP,Departed,020-31714535,DEP,NULL,NULL,4
HAM-31714535,MAN,2,5,Confirmed,181,2.81,2023-05-25T10:51:48Z,HAM,TAO,4,181,0.84,YNZ,GASKETS O-RING NOZZLNOZZLE ELEMENT LEVER-SPARE PAR,"Ship parts, not restr",HAM,FRA,LH7007S,26/05/2023,26/05/2023 19:00,27/05/2023 04:00,27/05/2023 05:20,26/05/2023 21:00,-0:40,NULL,28/05/2023 07:31,28/05/2023 05:31,FOW,Freight out Warehouse,020-31714535,MAN,NULL,NULL,4
FMO-31457031,LDP,1,8,Confirmed,62,1.11,2023-05-25T12:52:35Z,FMO,ORD,1,46,0.37,YNZ,SPARE PARTSFOR PRINTING MACHINE-NOT RESTRICTED-,"Spare parts, not restr",FMO,FRA,LH7051A,26/05/2023,26/05/2023 19:00,27/05/2023 00:15,27/05/2023 04:22,26/05/2023 22:00,+2:7,27/0100/,28/05/2023 07:27,28/05/2023 05:27,RCS,Ready for Carriage,020-31457031,LDP,NULL,NULL,1
FMO-31457031,RCF,9,8,Confirmed,62,1.11,2023-05-25T12:52:35Z,FMO,ORD,1,46,0.37,YNZ,SPARE PARTSFOR PRINTING MACHINE-NOT RESTRICTED-,"Spare parts, not restr",FMO,FRA,LH7051A,26/05/2023,26/05/2023 19:00,27/05/2023 00:15,27/05/2023 04:22,26/05/2023 22:00,+2:7,27/0100/,28/05/2023 07:42,28/05/2023 05:42,RCF ,Received Cargo from Flight,020-31457031,RCF,NULL,NULL,1
FRA-32642315,FOH,2,6,Confirmed,11780,47,2023-05-24T11:30:18Z,FRA,ICN,29,11779,47,YNB,CONSOLIDATION AS PERATTACHED MANIFEST,Consolidation (BUP),FRA,ICN,LH8384,29/05/2023,29/05/2023 19:40,30/05/2023 14:50,NULL,29/05/2023 21:35,-0:27,NULL,28/05/2023 08:06,28/05/2023 06:06,FOH,Freight on Hand,020-32642315,FOH,NULL,NULL,7
FRA-32642315,FOH,2,6,Confirmed,11780,47,2023-05-24T11:30:18Z,FRA,ICN,29,11779,47,YNB,CONSOLIDATION AS PERATTACHED MANIFEST,Consolidation (BUP),FRA,ICN,LH8384,29/05/2023,29/05/2023 19:40,30/05/2023 14:50,NULL,29/05/2023 21:35,-0:27,NULL,28/05/2023 08:06,28/05/2023 06:06,FOH,Freight on Hand,020-32642315,FOH,NULL,NULL,8
FRA-32642315,FOH,2,6,Confirmed,11780,47,2023-05-24T11:30:18Z,FRA,ICN,29,11779,47,YNB,CONSOLIDATION AS PERATTACHED MANIFEST,Consolidation (BUP),FRA,ICN,LH8384,29/05/2023,29/05/2023 19:40,30/05/2023 14:50,NULL,29/05/2023 21:35,-0:27,NULL,28/05/2023 08:06,28/05/2023 06:06,FOH,Freight on Hand,020-32642315,FOH,NULL,NULL,7
FRA-32642315,FOH,2,6,Confirmed,11780,47,2023-05-24T11:30:18Z,FRA,ICN,29,11779,47,YNB,CONSOLIDATION AS PERATTACHED MANIFEST,Consolidation (BUP),FRA,ICN,LH8384,29/05/2023,29/05/2023 19:40,30/05/2023 14:50,NULL,29/05/2023 21:35,-0:27,NULL,28/05/2023 08:06,28/05/2023 06:06,FOH,Freight on Hand,020-32642315,FOH,NULL,NULL,7
PRG-34250565,LDP,9,7,Confirmed,1506,9.07,2023-05-23T07:22:09Z,PRG,ATL,7,1506,7.2,ZXF,DOOR LACK - NOTRECTRICTEDHS CODE83012000INV.NO. 96,"Spare parts, not restr",PRG,FRA,LH7433S,27/05/2023,27/05/2023 18:30,28/05/2023 03:30,28/05/2023 04:13,27/05/2023 18:50,#VALUE!,NULL,28/05/2023 14:13,28/05/2023 12:13,RCS,Ready for Carriage,020-34250565,LDP,NULL,NULL,7
PRG-34250565,RCF,6,7,Confirmed,1506,9.07,2023-05-23T07:22:09Z,PRG,ATL,7,1506,7.2,ZXF,DOOR LACK - NOTRECTRICTEDHS CODE83012000INV.NO. 96,"Spare parts, not restr",PRG,FRA,LH7433S,27/05/2023,27/05/2023 18:30,28/05/2023 03:30,28/05/2023 04:13,27/05/2023 18:50,#VALUE!,NULL,28/05/2023 07:29,28/05/2023 05:29,RCF ,Received Cargo from Flight,020-34250565,RCF,NULL,NULL,1
SWK-36282201,LDP,13,9,Confirmed,989,4.03,2023-05-23T09:03:42Z,SWK,ATL,2,988.5,3.73,YNC,CONSOL SHIPMENT ASPER ATTACHEDMANIFEST,"Consolidation, not restr",SWK,FRA,LH7471S,25/05/2023,25/05/2023 19:00,26/05/2023 13:00,NULL,25/05/2023 19:50,#VALUE!,NULL,28/05/2023 09:39,28/05/2023 07:39,RCS,Ready for Carriage,020-36282201,LDP,NULL,NULL,2
DFW-55108970,DEP,3,9,Confirmed,19,0.11,2023-05-25T12:21:56Z,DFW,CPH,3,13,0.11,YDG,CIVIL AIRCRAFT PARTSHTS 3911.90.9010 3506.10.0000,Combination of DG pax + cargo,DFW,IAH,LH6865S,26/05/2023,27/05/2023 01:00,27/05/2023 16:00,NULL,26/05/2023 19:45,-0:30,NULL,28/05/2023 02:04,28/05/2023 07:04,DEP,Departed,020-55108970,DEP,NULL,NULL,3
EBB-45893411,LDP,14,17,Confirmed,2559,6.58,2023-05-24T06:42:52Z,EBB,PDX,42,2559,6,YNZ,COFFEE,"General Cargo, not restr",EBB,BRU,SN0467,26/05/2023,26/05/2023 20:25,27/05/2023 04:40,26/05/2023 19:00,26/05/2023 10:36,+0:10,NULL,28/05/2023 14:06,28/05/2023 12:06,RCS,Ready for Carriage,020-45893411,LDP,NULL,NULL,42
EBB-45893411,RCF,9,17,Confirmed,2559,6.58,2023-05-24T06:42:52Z,EBB,PDX,42,2559,6,YNZ,COFFEE,"General Cargo, not restr",EBB,BRU,SN0467,26/05/2023,26/05/2023 20:25,27/05/2023 04:40,26/05/2023 19:00,26/05/2023 10:36,+0:10,NULL,28/05/2023 07:21,28/05/2023 05:21,RCF ,Received Cargo from Flight,020-45893411,RCF,NULL,NULL,42
ATL-83397204,ARR,4,7,Confirmed,286,2,2023-05-24T14:35:15Z,ATL,KWI,1,286,1.64,YCP,LAB SUPPLIES NON HAZ,"General Cargo, not restr",ATL,FRA,LH0445,27/05/2023,27/05/2023 20:10,28/05/2023 05:05,NULL,27/05/2023 16:08,+0:2,NULL,28/05/2023 07:11,28/05/2023 05:11,ARR,Arrived,020-83397204,ARR,NULL,NULL,1
ATL-83397204,RCF,5,7,Confirmed,286,2,2023-05-24T14:35:15Z,ATL,KWI,1,286,1.64,YCP,LAB SUPPLIES NON HAZ,"General Cargo, not restr",ATL,FRA,LH0445,27/05/2023,27/05/2023 20:10,28/05/2023 05:05,NULL,27/05/2023 16:08,+0:2,NULL,28/05/2023 10:44,28/05/2023 08:44,RCF ,Received Cargo from Flight,020-83397204,RCF,NULL,NULL,1
LHR-98312454,DEP,3,7,Confirmed,540,4.19,2023-05-23T15:01:35Z,LHR,ABJ,3,272,3.24,YNZ,3 PALLETS OF,"Spare parts, not restr",LHR,BRU,LH6355S,27/05/2023,27/05/2023 10:00,28/05/2023 11:00,28/05/2023 00:30,27/05/2023 12:30,+1:30,84/0130/,28/05/2023 11:45,28/05/2023 09:45,DEP,Departed,020-98312454,DEP,NULL,NULL,3
LHR-98312454,MAN,2,7,Confirmed,540,4.19,2023-05-23T15:01:35Z,LHR,ABJ,3,272,3.24,YNZ,3 PALLETS OF,"Spare parts, not restr",LHR,BRU,LH6355S,27/05/2023,27/05/2023 10:00,28/05/2023 11:00,28/05/2023 00:30,27/05/2023 12:30,+1:30,84/0130/,28/05/2023 12:05,28/05/2023 10:05,FOW,Freight out Warehouse,020-98312454,MAN,NULL,NULL,3
FRA-32642315,DEP,7,6,Confirmed,11780,47,2023-05-24T11:30:18Z,FRA,ICN,29,11779,47,YNB,CONSOLIDATION AS PERATTACHED MANIFEST,Consolidation (BUP),FRA,ICN,LH8384,29/05/2023,29/05/2023 19:40,30/05/2023 14:50,NULL,29/05/2023 21:35,-0:27,NULL,29/05/2023 21:35,29/05/2023 19:35,DEP,Departed,020-32642315,DEP,NULL,NULL,29
SWK-36282201,FOH,1,9,Confirmed,989,4.03,2023-05-23T09:03:42Z,SWK,ATL,2,988.5,3.73,YNC,CONSOL SHIPMENT ASPER ATTACHEDMANIFEST,"Consolidation, not restr",SWK,FRA,LH7471S,25/05/2023,25/05/2023 19:00,26/05/2023 13:00,NULL,25/05/2023 19:50,#VALUE!,NULL,25/05/2023 18:14,25/05/2023 16:14,FOH,Freight on Hand,020-36282201,FOH,NULL,NULL,2
SWK-36282201,MAN,2,9,Confirmed,989,4.03,2023-05-23T09:03:42Z,SWK,ATL,2,988.5,3.73,YNC,CONSOL SHIPMENT ASPER ATTACHEDMANIFEST,"Consolidation, not restr",SWK,FRA,LH7471S,25/05/2023,25/05/2023 19:00,26/05/2023 13:00,NULL,25/05/2023 19:50,#VALUE!,NULL,25/05/2023 19:13,25/05/2023 17:13,FOW,Freight out Warehouse,020-36282201,MAN,NULL,NULL,2
PIT-31159251,DEP,1,5,Confirmed,220,1.62,2023-05-20T03:19:48Z,PIT,DUS,1,137.5,1.32,YNZ,"Exhibition goods, not restr","Exhibition goods, not restr",PIT,JFK,LH6744S,25/05/2023,26/05/2023 02:00,26/05/2023 13:00,NULL,25/05/2023 22:00,-0:15,NULL,25/05/2023 17:00,25/05/2023 21:00,DEP,Departed,020-31159251,DEP,NULL,NULL,1
PIT-31159251,DIS,2,5,Confirmed,220,1.62,2023-05-20T03:19:48Z,PIT,DUS,1,137.5,1.32,YNZ,"Exhibition goods, not restr","Exhibition goods, not restr",PIT,JFK,LH6744S,25/05/2023,26/05/2023 02:00,26/05/2023 13:00,NULL,25/05/2023 22:00,-0:15,NULL,25/05/2023 20:32,26/05/2023 00:32,DIS,Irregularity,020-31159251,DIS,DGTA,NULL,0
PIT-31159251,DIS,2,5,Confirmed,220,1.62,2023-05-20T03:19:48Z,PIT,DUS,1,137.5,1.32,YNZ,"Exhibition goods, not restr","Exhibition goods, not restr",PIT,JFK,LH6744S,25/05/2023,26/05/2023 02:00,26/05/2023 13:00,NULL,25/05/2023 22:00,-0:15,NULL,25/05/2023 20:32,26/05/2023 00:32,DIS,Discrepancies,020-31159251,DIS,DGTA,NULL,0
PIT-31159251,FOH,4,5,Confirmed,220,1.62,2023-05-20T03:19:48Z,PIT,DUS,1,137.5,1.32,YNZ,"Exhibition goods, not restr","Exhibition goods, not restr",PIT,JFK,LH6744S,25/05/2023,26/05/2023 02:00,26/05/2023 13:00,NULL,25/05/2023 22:00,-0:15,NULL,25/05/2023 20:33,26/05/2023 00:33,FOH,Freight on Hand,020-31159251,FOH,NULL,NULL,1
PIT-31159251,MAN,5,5,Confirmed,220,1.62,2023-05-20T03:19:48Z,PIT,DUS,1,137.5,1.32,YNZ,"Exhibition goods, not restr","Exhibition goods, not restr",PIT,JFK,LH6744S,25/05/2023,26/05/2023 02:00,26/05/2023 13:00,NULL,25/05/2023 22:00,-0:15,NULL,25/05/2023 23:40,26/05/2023 03:40,FOW,Freight out Warehouse,020-31159251,MAN,NULL,NULL,1
DFW-55108970,FOH,1,9,Confirmed,19,0.11,2023-05-25T12:21:56Z,DFW,CPH,3,13,0.11,YDG,CIVIL AIRCRAFT PARTSHTS 3911.90.9010 3506.10.0000,Combination of DG pax + cargo,DFW,IAH,LH6865S,26/05/2023,27/05/2023 01:00,27/05/2023 16:00,NULL,26/05/2023 19:45,-0:30,NULL,25/05/2023 19:07,26/05/2023 00:07,FOH,Freight on Hand,020-55108970,FOH,NULL,NULL,3
BUD-24599886,FOH,1,13,Confirmed,1269.5,20,2023-05-23T07:05:14Z,BUD,GRU,10,1269.3,7.29,FCP,PERISHABLE VACCINESN OT RESTRICTED HSCOD E 300242,"Pharma + diagnostics, not restr, temp-sens",BUD,FRA,LH7441S,26/05/2023,26/05/2023 20:00,27/05/2023 13:15,NULL,26/05/2023 23:00,+1:45,23/0100/,26/05/2023 17:36,26/05/2023 15:36,FOH,Freight on Hand,020-24599886,FOH,NULL,NULL,10
FMO-31457031,LDP,1,8,Confirmed,62,1.11,2023-05-25T12:52:35Z,FMO,ORD,1,46,0.37,YNZ,SPARE PARTSFOR PRINTING MACHINE-NOT RESTRICTED-,"Spare parts, not restr",FMO,FRA,LH7051A,26/05/2023,26/05/2023 19:00,27/05/2023 00:15,27/05/2023 04:22,26/05/2023 22:00,+2:7,27/0100/,26/05/2023 09:13,26/05/2023 07:13,RCS,Ready for Carriage,020-31457031,LDP,NULL,NULL,1
HAM-31714535,FOH,1,5,Confirmed,181,2.81,2023-05-25T10:51:48Z,HAM,TAO,4,181,0.84,YNZ,GASKETS O-RING NOZZLNOZZLE ELEMENT LEVER-SPARE PAR,"Ship parts, not restr",HAM,FRA,LH7007S,26/05/2023,26/05/2023 19:00,27/05/2023 04:00,27/05/2023 05:20,26/05/2023 21:00,-0:40,NULL,26/05/2023 16:14,26/05/2023 14:14,FOH,Freight on Hand,020-31714535,FOH,NULL,NULL,4
PRG-34250565,FOH,1,7,Confirmed,1506,9.07,2023-05-23T07:22:09Z,PRG,ATL,7,1506,7.2,ZXF,DOOR LACK - NOTRECTRICTEDHS CODE83012000INV.NO. 96,"Spare parts, not restr",PRG,FRA,LH7433S,27/05/2023,27/05/2023 18:30,28/05/2023 03:30,28/05/2023 04:13,27/05/2023 18:50,#VALUE!,NULL,26/05/2023 15:06,26/05/2023 13:06,FOH,Freight on Hand,020-34250565,FOH,NULL,NULL,7
SWK-36282201,ARR,4,9,Confirmed,989,4.03,2023-05-23T09:03:42Z,SWK,ATL,2,988.5,3.73,YNC,CONSOL SHIPMENT ASPER ATTACHEDMANIFEST,"Consolidation, not restr",SWK,FRA,LH7471S,25/05/2023,25/05/2023 19:00,26/05/2023 13:00,NULL,25/05/2023 19:50,#VALUE!,NULL,26/05/2023 12:51,26/05/2023 10:51,ARR,Arrived,020-36282201,ARR,NULL,NULL,2
SWK-36282201,DEP,3,9,Confirmed,989,4.03,2023-05-23T09:03:42Z,SWK,ATL,2,988.5,3.73,YNC,CONSOL SHIPMENT ASPER ATTACHEDMANIFEST,"Consolidation, not restr",SWK,FRA,LH7471S,25/05/2023,25/05/2023 19:00,26/05/2023 13:00,NULL,25/05/2023 19:50,#VALUE!,NULL,25/05/2023 19:50,25/05/2023 17:50,DEP,Departed,020-36282201,DEP,NULL,NULL,2
SWK-36282201,DIS,5,9,Confirmed,989,4.03,2023-05-23T09:03:42Z,SWK,ATL,2,988.5,3.73,YNC,CONSOL SHIPMENT ASPER ATTACHEDMANIFEST,"Consolidation, not restr",SWK,FRA,LH7471S,25/05/2023,25/05/2023 19:00,26/05/2023 13:00,NULL,25/05/2023 19:50,#VALUE!,NULL,26/05/2023 13:43,26/05/2023 11:43,DIS,Irregularity,020-36282201,DIS,MSAW,NULL,2
SWK-36282201,DIS,5,9,Confirmed,989,4.03,2023-05-23T09:03:42Z,SWK,ATL,2,988.5,3.73,YNC,CONSOL SHIPMENT ASPER ATTACHEDMANIFEST,"Consolidation, not restr",SWK,FRA,LH7471S,25/05/2023,25/05/2023 19:00,26/05/2023 13:00,NULL,25/05/2023 19:50,#VALUE!,NULL,26/05/2023 13:43,26/05/2023 11:43,DIS,Discrepancies,020-36282201,DIS,MSAW,NULL,2
SWK-36282201,DIS,5,9,Confirmed,989,4.03,2023-05-23T09:03:42Z,SWK,ATL,2,988.5,3.73,YNC,CONSOL SHIPMENT ASPER ATTACHEDMANIFEST,"Consolidation, not restr",SWK,FRA,LH7471S,25/05/2023,25/05/2023 19:00,26/05/2023 13:00,NULL,25/05/2023 19:50,#VALUE!,NULL,26/05/2023 13:43,26/05/2023 11:43,DIS,Irregularity,020-36282201,DIS,MSAW,NULL,2
SWK-36282201,DIS,5,9,Confirmed,989,4.03,2023-05-23T09:03:42Z,SWK,ATL,2,988.5,3.73,YNC,CONSOL SHIPMENT ASPER ATTACHEDMANIFEST,"Consolidation, not restr",SWK,FRA,LH7471S,25/05/2023,25/05/2023 19:00,26/05/2023 13:00,NULL,25/05/2023 19:50,#VALUE!,NULL,26/05/2023 13:43,26/05/2023 11:43,DIS,Discrepancies,020-36282201,DIS,MSAW,NULL,2
SWK-36282201,DIS,5,9,Confirmed,989,4.03,2023-05-23T09:03:42Z,SWK,ATL,2,988.5,3.73,YNC,CONSOL SHIPMENT ASPER ATTACHEDMANIFEST,"Consolidation, not restr",SWK,FRA,LH7471S,25/05/2023,25/05/2023 19:00,26/05/2023 13:00,NULL,25/05/2023 19:50,#VALUE!,NULL,26/05/2023 13:44,26/05/2023 11:44,DIS,Irregularity,020-36282201,DIS,MSAW,NULL,2
SWK-36282201,DIS,5,9,Confirmed,989,4.03,2023-05-23T09:03:42Z,SWK,ATL,2,988.5,3.73,YNC,CONSOL SHIPMENT ASPER ATTACHEDMANIFEST,"Consolidation, not restr",SWK,FRA,LH7471S,25/05/2023,25/05/2023 19:00,26/05/2023 13:00,NULL,25/05/2023 19:50,#VALUE!,NULL,26/05/2023 13:44,26/05/2023 11:44,DIS,Discrepancies,020-36282201,DIS,MSAW,NULL,2
SWK-36282201,RCF,11,9,Confirmed,989,4.03,2023-05-23T09:03:42Z,SWK,ATL,2,988.5,3.73,YNC,CONSOL SHIPMENT ASPER ATTACHEDMANIFEST,"Consolidation, not restr",SWK,FRA,LH7471S,25/05/2023,25/05/2023 19:00,26/05/2023 13:00,NULL,25/05/2023 19:50,#VALUE!,NULL,26/05/2023 16:54,26/05/2023 14:54,RCF ,Received Cargo from Flight,020-36282201,RCF,NULL,NULL,1
SWK-36282201,RCF,11,9,Confirmed,989,4.03,2023-05-23T09:03:42Z,SWK,ATL,2,988.5,3.73,YNC,CONSOL SHIPMENT ASPER ATTACHEDMANIFEST,"Consolidation, not restr",SWK,FRA,LH7471S,25/05/2023,25/05/2023 19:00,26/05/2023 13:00,NULL,25/05/2023 19:50,#VALUE!,NULL,26/05/2023 16:55,26/05/2023 14:55,RCF ,Received Cargo from Flight,020-36282201,RCF,NULL,NULL,1
EBB-45893411,DIS,2,17,Confirmed,2559,6.58,2023-05-24T06:42:52Z,EBB,PDX,42,2559,6,YNZ,COFFEE,"General Cargo, not restr",EBB,BRU,SN0467,26/05/2023,26/05/2023 20:25,27/05/2023 04:40,26/05/2023 19:00,26/05/2023 10:36,+0:10,NULL,26/05/2023 18:55,26/05/2023 15:55,DIS,Irregularity,020-45893411,DIS,DGTA,NULL,0
EBB-45893411,DIS,2,17,Confirmed,2559,6.58,2023-05-24T06:42:52Z,EBB,PDX,42,2559,6,YNZ,COFFEE,"General Cargo, not restr",EBB,BRU,SN0467,26/05/2023,26/05/2023 20:25,27/05/2023 04:40,26/05/2023 19:00,26/05/2023 10:36,+0:10,NULL,26/05/2023 18:55,26/05/2023 15:55,DIS,Discrepancies,020-45893411,DIS,DGTA,NULL,0
FRA-32642315,MAN,6,6,Confirmed,11780,47,2023-05-24T11:30:18Z,FRA,ICN,29,11779,47,YNB,CONSOLIDATION AS PERATTACHED MANIFEST,Consolidation (BUP),FRA,ICN,LH8384,29/05/2023,29/05/2023 19:40,30/05/2023 14:50,NULL,29/05/2023 21:35,-0:27,NULL,29/05/2023 20:32,29/05/2023 18:32,FOW,Freight out Warehouse,020-32642315,MAN,NULL,NULL,29
FRA-22518403,LDP,1,3,Confirmed,183.5,1.15,2023-05-26T09:48:04Z,FRA,MEX,1,145,1.1,ZXF,"General Cargo, not restr","General Cargo, not restr",FRA,MEX,LH0498,27/05/2023,27/05/2023 11:35,27/05/2023 23:30,27/05/2023 17:41,27/05/2023 14:03,+0:11,NULL,26/05/2023 19:02,26/05/2023 17:02,RCS,Ready for Carriage,020-22518403,LDP,NULL,NULL,1
PIT-31159251,ARR,6,5,Confirmed,220,1.62,2023-05-20T03:19:48Z,PIT,DUS,1,137.5,1.32,YNZ,"Exhibition goods, not restr","Exhibition goods, not restr",PIT,JFK,LH6744S,25/05/2023,26/05/2023 02:00,26/05/2023 13:00,NULL,25/05/2023 22:00,-0:15,NULL,26/05/2023 08:00,26/05/2023 12:00,ARR,Arrived,020-31159251,ARR,NULL,NULL,1
PIT-31159251,RCF,7,5,Confirmed,220,1.62,2023-05-20T03:19:48Z,PIT,DUS,1,137.5,1.32,YNZ,"Exhibition goods, not restr","Exhibition goods, not restr",PIT,JFK,LH6744S,25/05/2023,26/05/2023 02:00,26/05/2023 13:00,NULL,25/05/2023 22:00,-0:15,NULL,26/05/2023 14:06,26/05/2023 18:06,RCF ,Received Cargo from Flight,020-31159251,RCF,NULL,NULL,1
BUD-24599886,MAN,2,13,Confirmed,1269.5,20,2023-05-23T07:05:14Z,BUD,GRU,10,1269.3,7.29,FCP,PERISHABLE VACCINESN OT RESTRICTED HSCOD E 300242,"Pharma + diagnostics, not restr, temp-sens",BUD,FRA,LH7441S,26/05/2023,26/05/2023 20:00,27/05/2023 13:15,NULL,26/05/2023 23:00,+1:45,23/0100/,26/05/2023 22:00,26/05/2023 20:00,FOW,Freight out Warehouse,020-24599886,MAN,NULL,NULL,10
BUD-24599886,MAN,2,13,Confirmed,1269.5,20,2023-05-23T07:05:14Z,BUD,GRU,10,1269.3,7.29,FCP,PERISHABLE VACCINESN OT RESTRICTED HSCOD E 300242,"Pharma + diagnostics, not restr, temp-sens",BUD,FRA,LH7441S,26/05/2023,26/05/2023 20:00,27/05/2023 13:15,NULL,26/05/2023 23:00,+1:45,23/0100/,26/05/2023 23:19,26/05/2023 21:19,FOW,Freight out Warehouse,020-24599886,MAN,NULL,NULL,10
PVG-31634632,MAN,2,8,Confirmed,231,0.86,2023-05-24T09:49:07Z,PVG,MXP,1,231,0.67,YNZ,CONSOLIDATION CARGOAS PER ATTACHEDMANIFESTNOT REST,"General Cargo, not restr (SMU)",PVG,VIE,OS0076,27/05/2023,27/05/2023 02:10,27/05/2023 14:35,NULL,27/05/2023 10:09,+0:5,NULL,27/05/2023 10:10,27/05/2023 02:10,FOW,Freight out Warehouse,020-31634632,MAN,NULL,NULL,1
HAM-31714535,DEP,3,5,Confirmed,181,2.81,2023-05-25T10:51:48Z,HAM,TAO,4,181,0.84,YNZ,GASKETS O-RING NOZZLNOZZLE ELEMENT LEVER-SPARE PAR,"Ship parts, not restr",HAM,FRA,LH7007S,26/05/2023,26/05/2023 19:00,27/05/2023 04:00,27/05/2023 05:20,26/05/2023 21:00,-0:40,NULL,26/05/2023 21:00,26/05/2023 19:00,DEP,Departed,020-31714535,DEP,NULL,NULL,4
HAM-31714535,MAN,2,5,Confirmed,181,2.81,2023-05-25T10:51:48Z,HAM,TAO,4,181,0.84,YNZ,GASKETS O-RING NOZZLNOZZLE ELEMENT LEVER-SPARE PAR,"Ship parts, not restr",HAM,FRA,LH7007S,26/05/2023,26/05/2023 19:00,27/05/2023 04:00,27/05/2023 05:20,26/05/2023 21:00,-0:40,NULL,26/05/2023 18:29,26/05/2023 16:29,FOW,Freight out Warehouse,020-31714535,MAN,NULL,NULL,4
FMO-31457031,DEP,4,8,Confirmed,62,1.11,2023-05-25T12:52:35Z,FMO,ORD,1,46,0.37,YNZ,SPARE PARTSFOR PRINTING MACHINE-NOT RESTRICTED-,"Spare parts, not restr",FMO,FRA,LH7051A,26/05/2023,26/05/2023 19:00,27/05/2023 00:15,27/05/2023 04:22,26/05/2023 22:00,+2:7,27/0100/,26/05/2023 22:00,26/05/2023 20:00,DEP,Departed,020-31457031,DEP,NULL,NULL,1
FMO-31457031,DEP,4,8,Confirmed,62,1.11,2023-05-25T12:52:35Z,FMO,ORD,1,46,0.37,YNZ,SPARE PARTSFOR PRINTING MACHINE-NOT RESTRICTED-,"Spare parts, not restr",FMO,FRA,LH7051A,26/05/2023,26/05/2023 19:00,27/05/2023 00:15,27/05/2023 04:22,26/05/2023 22:00,+2:7,27/0100/,26/05/2023 22:00,26/05/2023 20:00,DEP,Departed,020-31457031,DEP,NULL,NULL,1
FMO-31457031,DIS,2,8,Confirmed,62,1.11,2023-05-25T12:52:35Z,FMO,ORD,1,46,0.37,YNZ,SPARE PARTSFOR PRINTING MACHINE-NOT RESTRICTED-,"Spare parts, not restr",FMO,FRA,LH7051A,26/05/2023,26/05/2023 19:00,27/05/2023 00:15,27/05/2023 04:22,26/05/2023 22:00,+2:7,27/0100/,26/05/2023 18:15,26/05/2023 16:15,DIS,Irregularity,020-31457031,DIS,DGTA,NULL,0
FMO-31457031,DIS,2,8,Confirmed,62,1.11,2023-05-25T12:52:35Z,FMO,ORD,1,46,0.37,YNZ,SPARE PARTSFOR PRINTING MACHINE-NOT RESTRICTED-,"Spare parts, not restr",FMO,FRA,LH7051A,26/05/2023,26/05/2023 19:00,27/05/2023 00:15,27/05/2023 04:22,26/05/2023 22:00,+2:7,27/0100/,26/05/2023 18:15,26/05/2023 16:15,DIS,Discrepancies,020-31457031,DIS,DGTA,NULL,0
FMO-31457031,MAN,5,8,Confirmed,62,1.11,2023-05-25T12:52:35Z,FMO,ORD,1,46,0.37,YNZ,SPARE PARTSFOR PRINTING MACHINE-NOT RESTRICTED-,"Spare parts, not restr",FMO,FRA,LH7051A,26/05/2023,26/05/2023 19:00,27/05/2023 00:15,27/05/2023 04:22,26/05/2023 22:00,+2:7,27/0100/,26/05/2023 22:00,26/05/2023 20:00,FOW,Freight out Warehouse,020-31457031,MAN,NULL,NULL,1
FMO-31457031,MAN,5,8,Confirmed,62,1.11,2023-05-25T12:52:35Z,FMO,ORD,1,46,0.37,YNZ,SPARE PARTSFOR PRINTING MACHINE-NOT RESTRICTED-,"Spare parts, not restr",FMO,FRA,LH7051A,26/05/2023,26/05/2023 19:00,27/05/2023 00:15,27/05/2023 04:22,26/05/2023 22:00,+2:7,27/0100/,26/05/2023 22:04,26/05/2023 20:04,FOW,Freight out Warehouse,020-31457031,MAN,NULL,NULL,1
FRA-32766031,DIS,1,7,Confirmed,5.5,0.03,2023-05-25T06:55:04Z,FRA,LAX,1,5.2,0.03,YDC,CONSOLIDATION AS PERATTACHED LIST,DG Cl. 8 corrosives CAO,FRA,LAX,LH8074,27/05/2023,27/05/2023 13:45,28/05/2023 01:45,27/05/2023 18:56,27/05/2023 15:55,+0:11,36/0010/,26/05/2023 18:30,26/05/2023 16:30,DIS,Irregularity,020-32766031,DIS,ACCF,NULL,1
FRA-32766031,DIS,1,7,Confirmed,5.5,0.03,2023-05-25T06:55:04Z,FRA,LAX,1,5.2,0.03,YDC,CONSOLIDATION AS PERATTACHED LIST,DG Cl. 8 corrosives CAO,FRA,LAX,LH8074,27/05/2023,27/05/2023 13:45,28/05/2023 01:45,27/05/2023 18:56,27/05/2023 15:55,+0:11,36/0010/,26/05/2023 18:30,26/05/2023 16:30,DIS,Discrepancies,020-32766031,DIS,ACCF,NULL,1
FRA-32766031,DIS,1,7,Confirmed,5.5,0.03,2023-05-25T06:55:04Z,FRA,LAX,1,5.2,0.03,YDC,CONSOLIDATION AS PERATTACHED LIST,DG Cl. 8 corrosives CAO,FRA,LAX,LH8074,27/05/2023,27/05/2023 13:45,28/05/2023 01:45,27/05/2023 18:56,27/05/2023 15:55,+0:11,36/0010/,26/05/2023 18:30,26/05/2023 16:30,DIS,Irregularity,020-32766031,DIS,ACCF,NULL,1
FRA-32766031,DIS,1,7,Confirmed,5.5,0.03,2023-05-25T06:55:04Z,FRA,LAX,1,5.2,0.03,YDC,CONSOLIDATION AS PERATTACHED LIST,DG Cl. 8 corrosives CAO,FRA,LAX,LH8074,27/05/2023,27/05/2023 13:45,28/05/2023 01:45,27/05/2023 18:56,27/05/2023 15:55,+0:11,36/0010/,26/05/2023 18:30,26/05/2023 16:30,DIS,Discrepancies,020-32766031,DIS,ACCF,NULL,1
FRA-32766031,DIS,1,7,Confirmed,5.5,0.03,2023-05-25T06:55:04Z,FRA,LAX,1,5.2,0.03,YDC,CONSOLIDATION AS PERATTACHED LIST,DG Cl. 8 corrosives CAO,FRA,LAX,LH8074,27/05/2023,27/05/2023 13:45,28/05/2023 01:45,27/05/2023 18:56,27/05/2023 15:55,+0:11,36/0010/,26/05/2023 18:30,26/05/2023 16:30,DIS,Irregularity,020-32766031,DIS,ACCF,NULL,1
FRA-32766031,DIS,1,7,Confirmed,5.5,0.03,2023-05-25T06:55:04Z,FRA,LAX,1,5.2,0.03,YDC,CONSOLIDATION AS PERATTACHED LIST,DG Cl. 8 corrosives CAO,FRA,LAX,LH8074,27/05/2023,27/05/2023 13:45,28/05/2023 01:45,27/05/2023 18:56,27/05/2023 15:55,+0:11,36/0010/,26/05/2023 18:30,26/05/2023 16:30,DIS,Discrepancies,020-32766031,DIS,ACCF,NULL,1
FRA-32766031,FOH,7,7,Confirmed,5.5,0.03,2023-05-25T06:55:04Z,FRA,LAX,1,5.2,0.03,YDC,CONSOLIDATION AS PERATTACHED LIST,DG Cl. 8 corrosives CAO,FRA,LAX,LH8074,27/05/2023,27/05/2023 13:45,28/05/2023 01:45,27/05/2023 18:56,27/05/2023 15:55,+0:11,36/0010/,26/05/2023 19:53,26/05/2023 17:53,FOH,Freight on Hand,020-32766031,FOH,NULL,NULL,1
FRA-34274516,LDP,1,3,Confirmed,10,0.06,2023-05-25T07:35:32Z,FRA,LHR,1,6.4,0.06,ZXF,"General Cargo, not restr","General Cargo, not restr",FRA,LHR,LH0924,27/05/2023,27/05/2023 05:00,27/05/2023 06:40,NULL,27/05/2023 07:03,-0:7,NULL,26/05/2023 21:19,26/05/2023 19:19,RCS,Ready for Carriage,020-34274516,LDP,NULL,NULL,1
EBB-45893411,DEP,4,17,Confirmed,2559,6.58,2023-05-24T06:42:52Z,EBB,PDX,42,2559,6,YNZ,COFFEE,"General Cargo, not restr",EBB,BRU,SN0467,26/05/2023,26/05/2023 20:25,27/05/2023 04:40,26/05/2023 19:00,26/05/2023 10:36,+0:10,NULL,26/05/2023 23:02,26/05/2023 20:02,DEP,Departed,020-45893411,DEP,NULL,NULL,42
EBB-45893411,MAN,1,17,Confirmed,2559,6.58,2023-05-24T06:42:52Z,EBB,PDX,42,2559,6,YNZ,COFFEE,"General Cargo, not restr",EBB,BRU,SN0467,26/05/2023,26/05/2023 20:25,27/05/2023 04:40,26/05/2023 19:00,26/05/2023 10:36,+0:10,NULL,26/05/2023 00:20,25/05/2023 21:20,FOW,Freight out Warehouse,020-45893411,MAN,NULL,NULL,42
EBB-45893411,MAN,1,17,Confirmed,2559,6.58,2023-05-24T06:42:52Z,EBB,PDX,42,2559,6,YNZ,COFFEE,"General Cargo, not restr",EBB,BRU,SN0467,26/05/2023,26/05/2023 20:25,27/05/2023 04:40,26/05/2023 19:00,26/05/2023 10:36,+0:10,NULL,26/05/2023 23:04,26/05/2023 20:04,FOW,Freight out Warehouse,020-45893411,MAN,NULL,NULL,42
DFW-55108970,MAN,2,9,Confirmed,19,0.11,2023-05-25T12:21:56Z,DFW,CPH,3,13,0.11,YDG,CIVIL AIRCRAFT PARTSHTS 3911.90.9010 3506.10.0000,Combination of DG pax + cargo,DFW,IAH,LH6865S,26/05/2023,27/05/2023 01:00,27/05/2023 16:00,NULL,26/05/2023 19:45,-0:30,NULL,26/05/2023 17:02,26/05/2023 22:02,FOW,Freight out Warehouse,020-55108970,MAN,NULL,NULL,3
FRA-90906686,LDP,1,4,Confirmed,394,1.02,2023-05-25T12:57:06Z,FRA,OSL,50,333.5,0.3,FNP,NEWSPAPERFINANCIAL TIMESINYTCOO DE,Newspapers,FRA,OSL,LH0866,27/05/2023,27/05/2023 05:05,27/05/2023 07:00,NULL,27/05/2023 07:14,+0:17,NULL,26/05/2023 21:25,26/05/2023 19:25,RCS,Ready for Carriage,020-90906686,LDP,NULL,NULL,50
BUD-24599886,DEP,3,13,Confirmed,1269.5,20,2023-05-23T07:05:14Z,BUD,GRU,10,1269.3,7.29,FCP,PERISHABLE VACCINESN OT RESTRICTED HSCOD E 300242,"Pharma + diagnostics, not restr, temp-sens",BUD,FRA,LH7441S,26/05/2023,26/05/2023 20:00,27/05/2023 13:15,NULL,26/05/2023 23:00,+1:45,23/0100/,26/05/2023 23:00,26/05/2023 21:00,DEP,Departed,020-24599886,DEP,NULL,NULL,10
FRA-22518403,FOH,2,3,Confirmed,183.5,1.15,2023-05-26T09:48:04Z,FRA,MEX,1,145,1.1,ZXF,"General Cargo, not restr","General Cargo, not restr",FRA,MEX,LH0498,27/05/2023,27/05/2023 11:35,27/05/2023 23:30,27/05/2023 17:41,27/05/2023 14:03,+0:11,NULL,27/05/2023 03:29,27/05/2023 01:29,FOH,Freight on Hand,020-22518403,FOH,NULL,NULL,1
FRA-32766031,LDP,8,7,Confirmed,5.5,0.03,2023-05-25T06:55:04Z,FRA,LAX,1,5.2,0.03,YDC,CONSOLIDATION AS PERATTACHED LIST,DG Cl. 8 corrosives CAO,FRA,LAX,LH8074,27/05/2023,27/05/2023 13:45,28/05/2023 01:45,27/05/2023 18:56,27/05/2023 15:55,+0:11,36/0010/,27/05/2023 03:48,27/05/2023 01:48,RCS,Ready for Carriage,020-32766031,LDP,NULL,NULL,1
FMO-31457031,ARR,8,8,Confirmed,62,1.11,2023-05-25T12:52:35Z,FMO,ORD,1,46,0.37,YNZ,SPARE PARTSFOR PRINTING MACHINE-NOT RESTRICTED-,"Spare parts, not restr",FMO,FRA,LH7051A,26/05/2023,26/05/2023 19:00,27/05/2023 00:15,27/05/2023 04:22,26/05/2023 22:00,+2:7,27/0100/,27/05/2023 04:22,27/05/2023 02:22,ARR,Arrived,020-31457031,ARR,NULL,NULL,1
PVG-31634632,DEP,1,8,Confirmed,231,0.86,2023-05-24T09:49:07Z,PVG,MXP,1,231,0.67,YNZ,CONSOLIDATION CARGOAS PER ATTACHEDMANIFESTNOT REST,"General Cargo, not restr (SMU)",PVG,VIE,OS0076,27/05/2023,27/05/2023 02:10,27/05/2023 14:35,NULL,27/05/2023 10:09,+0:5,NULL,27/05/2023 10:09,27/05/2023 02:09,DEP,Departed,020-31634632,DEP,NULL,NULL,1
PVG-31634632,MAN,2,8,Confirmed,231,0.86,2023-05-24T09:49:07Z,PVG,MXP,1,231,0.67,YNZ,CONSOLIDATION CARGOAS PER ATTACHEDMANIFESTNOT REST,"General Cargo, not restr (SMU)",PVG,VIE,OS0076,27/05/2023,27/05/2023 02:10,27/05/2023 14:35,NULL,27/05/2023 10:09,+0:5,NULL,27/05/2023 10:33,27/05/2023 02:33,FOW,Freight out Warehouse,020-31634632,MAN,NULL,NULL,1
HAM-31714535,ARR,4,5,Confirmed,181,2.81,2023-05-25T10:51:48Z,HAM,TAO,4,181,0.84,YNZ,GASKETS O-RING NOZZLNOZZLE ELEMENT LEVER-SPARE PAR,"Ship parts, not restr",HAM,FRA,LH7007S,26/05/2023,26/05/2023 19:00,27/05/2023 04:00,27/05/2023 05:20,26/05/2023 21:00,-0:40,NULL,27/05/2023 05:20,27/05/2023 03:20,ARR,Arrived,020-31714535,ARR,NULL,NULL,4
FRA-34274516,FOH,2,3,Confirmed,10,0.06,2023-05-25T07:35:32Z,FRA,LHR,1,6.4,0.06,ZXF,"General Cargo, not restr","General Cargo, not restr",FRA,LHR,LH0924,27/05/2023,27/05/2023 05:00,27/05/2023 06:40,NULL,27/05/2023 07:03,-0:7,NULL,27/05/2023 04:36,27/05/2023 02:36,FOH,Freight on Hand,020-34274516,FOH,NULL,NULL,1
FRA-34274516,MAN,3,3,Confirmed,10,0.06,2023-05-25T07:35:32Z,FRA,LHR,1,6.4,0.06,ZXF,"General Cargo, not restr","General Cargo, not restr",FRA,LHR,LH0924,27/05/2023,27/05/2023 05:00,27/05/2023 06:40,NULL,27/05/2023 07:03,-0:7,NULL,27/05/2023 05:44,27/05/2023 03:44,FOW,Freight out Warehouse,020-34274516,MAN,NULL,NULL,1
DFW-55108970,DEP,3,9,Confirmed,19,0.11,2023-05-25T12:21:56Z,DFW,CPH,3,13,0.11,YDG,CIVIL AIRCRAFT PARTSHTS 3911.90.9010 3506.10.0000,Combination of DG pax + cargo,DFW,IAH,LH6865S,26/05/2023,27/05/2023 01:00,27/05/2023 16:00,NULL,26/05/2023 19:45,-0:30,NULL,26/05/2023 19:45,27/05/2023 00:45,DEP,Departed,020-55108970,DEP,NULL,NULL,3
EBB-45893411,ARR,6,17,Confirmed,2559,6.58,2023-05-24T06:42:52Z,EBB,PDX,42,2559,6,YNZ,COFFEE,"General Cargo, not restr",EBB,BRU,SN0467,26/05/2023,26/05/2023 20:25,27/05/2023 04:40,26/05/2023 19:00,26/05/2023 10:36,+0:10,NULL,27/05/2023 06:32,27/05/2023 04:32,ARR,Arrived,020-45893411,ARR,NULL,NULL,42
EBB-45893411,ARR,6,17,Confirmed,2559,6.58,2023-05-24T06:42:52Z,EBB,PDX,42,2559,6,YNZ,COFFEE,"General Cargo, not restr",EBB,BRU,SN0467,26/05/2023,26/05/2023 20:25,27/05/2023 04:40,26/05/2023 19:00,26/05/2023 10:36,+0:10,NULL,27/05/2023 06:32,27/05/2023 04:32,ARR,Arrived,020-45893411,ARR,NULL,NULL,42
FRA-90906686,FOH,2,4,Confirmed,394,1.02,2023-05-25T12:57:06Z,FRA,OSL,50,333.5,0.3,FNP,NEWSPAPERFINANCIAL TIMESINYTCOO DE,Newspapers,FRA,OSL,LH0866,27/05/2023,27/05/2023 05:05,27/05/2023 07:00,NULL,27/05/2023 07:14,+0:17,NULL,27/05/2023 02:04,27/05/2023 00:04,FOH,Freight on Hand,020-90906686,FOH,NULL,NULL,50
FRA-90906686,MAN,3,4,Confirmed,394,1.02,2023-05-25T12:57:06Z,FRA,OSL,50,333.5,0.3,FNP,NEWSPAPERFINANCIAL TIMESINYTCOO DE,Newspapers,FRA,OSL,LH0866,27/05/2023,27/05/2023 05:05,27/05/2023 07:00,NULL,27/05/2023 07:14,+0:17,NULL,27/05/2023 05:15,27/05/2023 03:15,FOW,Freight out Warehouse,020-90906686,MAN,NULL,NULL,50
ATL-83397204,FOH,1,7,Confirmed,286,2,2023-05-24T14:35:15Z,ATL,KWI,1,286,1.64,YCP,LAB SUPPLIES NON HAZ,"General Cargo, not restr",ATL,FRA,LH0445,27/05/2023,27/05/2023 20:10,28/05/2023 05:05,NULL,27/05/2023 16:08,+0:2,NULL,26/05/2023 19:27,26/05/2023 23:27,FOH,Freight on Hand,020-83397204,FOH,NULL,NULL,1
FRA-95128880,FOH,1,18,Confirmed,481.5,2.34,2023-05-11T14:00:40Z,FRA,NRT,158,481.2,2.34,YDG,ACRYLAMIDERESTRICTED,Combination of DG pax + cargo,FRA,MUC,LH7260S,28/05/2023,28/05/2023 19:30,29/05/2023 02:30,29/05/2023 02:01,28/05/2023 20:15,#VALUE!,NULL,27/05/2023 04:35,27/05/2023 02:35,FOH,Freight on Hand,020-95128880,FOH,NULL,NULL,53
FRA-95128880,FOH,1,18,Confirmed,481.5,2.34,2023-05-11T14:00:40Z,FRA,NRT,158,481.2,2.34,YDG,ACRYLAMIDERESTRICTED,Combination of DG pax + cargo,FRA,MUC,LH7260S,28/05/2023,28/05/2023 19:30,29/05/2023 02:30,29/05/2023 02:01,28/05/2023 20:15,#VALUE!,NULL,27/05/2023 04:35,27/05/2023 02:35,FOH,Freight on Hand,020-95128880,FOH,NULL,NULL,41
FRA-95128880,FOH,1,18,Confirmed,481.5,2.34,2023-05-11T14:00:40Z,FRA,NRT,158,481.2,2.34,YDG,ACRYLAMIDERESTRICTED,Combination of DG pax + cargo,FRA,MUC,LH7260S,28/05/2023,28/05/2023 19:30,29/05/2023 02:30,29/05/2023 02:01,28/05/2023 20:15,#VALUE!,NULL,27/05/2023 04:36,27/05/2023 02:36,FOH,Freight on Hand,020-95128880,FOH,NULL,NULL,64
LHR-98312454,FOH,1,7,Confirmed,540,4.19,2023-05-23T15:01:35Z,LHR,ABJ,3,272,3.24,YNZ,3 PALLETS OF,"Spare parts, not restr",LHR,BRU,LH6355S,27/05/2023,27/05/2023 10:00,28/05/2023 11:00,28/05/2023 00:30,27/05/2023 12:30,+1:30,84/0130/,27/05/2023 05:39,27/05/2023 04:39,FOH,Freight on Hand,020-98312454,FOH,NULL,NULL,3
FRA-22518403,DEP,4,3,Confirmed,183.5,1.15,2023-05-26T09:48:04Z,FRA,MEX,1,145,1.1,ZXF,"General Cargo, not restr","General Cargo, not restr",FRA,MEX,LH0498,27/05/2023,27/05/2023 11:35,27/05/2023 23:30,27/05/2023 17:41,27/05/2023 14:03,+0:11,NULL,27/05/2023 14:03,27/05/2023 12:03,DEP,Departed,020-22518403,DEP,NULL,NULL,1
FRA-22518403,MAN,3,3,Confirmed,183.5,1.15,2023-05-26T09:48:04Z,FRA,MEX,1,145,1.1,ZXF,"General Cargo, not restr","General Cargo, not restr",FRA,MEX,LH0498,27/05/2023,27/05/2023 11:35,27/05/2023 23:30,27/05/2023 17:41,27/05/2023 14:03,+0:11,NULL,27/05/2023 12:17,27/05/2023 10:17,FOW,Freight out Warehouse,020-22518403,MAN,NULL,NULL,1
CPT-30672725,FOH,1,16,Confirmed,1728,13.2,2023-05-08T10:46:07Z,CPT,AMS,1,1727,16.93,YTF,CONSOLIDATION AS PERATTACHED LIST1 UNITCONTAINING ,"Perishables (Cut flowers, ferns, other plants)",CPT,FRA,LH0577,27/05/2023,27/05/2023 15:45,28/05/2023 03:30,28/05/2023 05:33,27/05/2023 17:43,+0:3,NULL,27/05/2023 14:55,27/05/2023 12:55,FOH,Freight on Hand,020-30672725,FOH,NULL,NULL,1
CPT-30672725,LDP,2,16,Confirmed,1728,13.2,2023-05-08T10:46:07Z,CPT,AMS,1,1727,16.93,YTF,CONSOLIDATION AS PERATTACHED LIST1 UNITCONTAINING ,"Perishables (Cut flowers, ferns, other plants)",CPT,FRA,LH0577,27/05/2023,27/05/2023 15:45,28/05/2023 03:30,28/05/2023 05:33,27/05/2023 17:43,+0:3,NULL,27/05/2023 16:53,27/05/2023 14:53,RCS,Ready for Carriage,020-30672725,LDP,NULL,NULL,1
CPT-30672725,MAN,3,16,Confirmed,1728,13.2,2023-05-08T10:46:07Z,CPT,AMS,1,1727,16.93,YTF,CONSOLIDATION AS PERATTACHED LIST1 UNITCONTAINING ,"Perishables (Cut flowers, ferns, other plants)",CPT,FRA,LH0577,27/05/2023,27/05/2023 15:45,28/05/2023 03:30,28/05/2023 05:33,27/05/2023 17:43,+0:3,NULL,27/05/2023 16:54,27/05/2023 14:54,FOW,Freight out Warehouse,020-30672725,MAN,NULL,NULL,1
CPT-30672725,MAN,3,16,Confirmed,1728,13.2,2023-05-08T10:46:07Z,CPT,AMS,1,1727,16.93,YTF,CONSOLIDATION AS PERATTACHED LIST1 UNITCONTAINING ,"Perishables (Cut flowers, ferns, other plants)",CPT,FRA,LH0577,27/05/2023,27/05/2023 15:45,28/05/2023 03:30,28/05/2023 05:33,27/05/2023 17:43,+0:3,NULL,27/05/2023 17:59,27/05/2023 15:59,FOW,Freight out Warehouse,020-30672725,MAN,NULL,NULL,1
BUD-24599886,ARR,5,13,Confirmed,1269.5,20,2023-05-23T07:05:14Z,BUD,GRU,10,1269.3,7.29,FCP,PERISHABLE VACCINESN OT RESTRICTED HSCOD E 300242,"Pharma + diagnostics, not restr, temp-sens",BUD,FRA,LH7441S,26/05/2023,26/05/2023 20:00,27/05/2023 13:15,NULL,26/05/2023 23:00,+1:45,23/0100/,27/05/2023 12:59,27/05/2023 10:59,ARR,Arrived,020-24599886,ARR,NULL,NULL,10
FMO-31457031,MAN,5,8,Confirmed,62,1.11,2023-05-25T12:52:35Z,FMO,ORD,1,46,0.37,YNZ,SPARE PARTSFOR PRINTING MACHINE-NOT RESTRICTED-,"Spare parts, not restr",FMO,FRA,LH7051A,26/05/2023,26/05/2023 19:00,27/05/2023 00:15,27/05/2023 04:22,26/05/2023 22:00,+2:7,27/0100/,27/05/2023 14:47,27/05/2023 12:47,FOW,Freight out Warehouse,020-31457031,MAN,NULL,NULL,1
FMO-31457031,RCF,9,8,Confirmed,62,1.11,2023-05-25T12:52:35Z,FMO,ORD,1,46,0.37,YNZ,SPARE PARTSFOR PRINTING MACHINE-NOT RESTRICTED-,"Spare parts, not restr",FMO,FRA,LH7051A,26/05/2023,26/05/2023 19:00,27/05/2023 00:15,27/05/2023 04:22,26/05/2023 22:00,+2:7,27/0100/,27/05/2023 11:19,27/05/2023 09:19,RCF ,Received Cargo from Flight,020-31457031,RCF,NULL,NULL,1
PEK-16360886,DLV,2,13,Confirmed,4555,21.05,2023-05-22T06:07:52Z,PEK,FRA,160,4555,21.05,YNZ,POWER PACK BEAUTY EQUIPMENT LADY BAGS NOT RESTRICT,"General Cargo, not restr",PEK,FRA,LH8431,29/05/2023,28/05/2023 19:20,29/05/2023 08:00,NULL,29/05/2023 03:10,#VALUE!,NULL,30/05/2023 20:33,30/05/2023 18:33,DLV,Delivered Destination Airport,020-16360886,DLV,NULL,NULL,15
PEK-16360886,DLV,2,13,Confirmed,4555,21.05,2023-05-22T06:07:52Z,PEK,FRA,160,4555,21.05,YNZ,POWER PACK BEAUTY EQUIPMENT LADY BAGS NOT RESTRICT,"General Cargo, not restr",PEK,FRA,LH8431,29/05/2023,28/05/2023 19:20,29/05/2023 08:00,NULL,29/05/2023 03:10,#VALUE!,NULL,30/05/2023 20:34,30/05/2023 18:34,DLV,Delivered Destination Airport,020-16360886,DLV,NULL,NULL,9
PEK-16360886,DLV,2,13,Confirmed,4555,21.05,2023-05-22T06:07:52Z,PEK,FRA,160,4555,21.05,YNZ,POWER PACK BEAUTY EQUIPMENT LADY BAGS NOT RESTRICT,"General Cargo, not restr",PEK,FRA,LH8431,29/05/2023,28/05/2023 19:20,29/05/2023 08:00,NULL,29/05/2023 03:10,#VALUE!,NULL,30/05/2023 20:35,30/05/2023 18:35,DLV,Delivered Destination Airport,020-16360886,DLV,NULL,NULL,5
PEK-16360886,DLV,2,13,Confirmed,4555,21.05,2023-05-22T06:07:52Z,PEK,FRA,160,4555,21.05,YNZ,POWER PACK BEAUTY EQUIPMENT LADY BAGS NOT RESTRICT,"General Cargo, not restr",PEK,FRA,LH8431,29/05/2023,28/05/2023 19:20,29/05/2023 08:00,NULL,29/05/2023 03:10,#VALUE!,NULL,30/05/2023 20:35,30/05/2023 18:35,DLV,Delivered Destination Airport,020-16360886,DLV,NULL,NULL,9
PEK-16360886,DLV,2,13,Confirmed,4555,21.05,2023-05-22T06:07:52Z,PEK,FRA,160,4555,21.05,YNZ,POWER PACK BEAUTY EQUIPMENT LADY BAGS NOT RESTRICT,"General Cargo, not restr",PEK,FRA,LH8431,29/05/2023,28/05/2023 19:20,29/05/2023 08:00,NULL,29/05/2023 03:10,#VALUE!,NULL,30/05/2023 20:35,30/05/2023 18:35,DLV,Delivered Destination Airport,020-16360886,DLV,NULL,NULL,8
PEK-16360886,DLV,2,13,Confirmed,4555,21.05,2023-05-22T06:07:52Z,PEK,FRA,160,4555,21.05,YNZ,POWER PACK BEAUTY EQUIPMENT LADY BAGS NOT RESTRICT,"General Cargo, not restr",PEK,FRA,LH8431,29/05/2023,28/05/2023 19:20,29/05/2023 08:00,NULL,29/05/2023 03:10,#VALUE!,NULL,30/05/2023 20:35,30/05/2023 18:35,DLV,Delivered Destination Airport,020-16360886,DLV,NULL,NULL,13
PEK-16360886,DLV,2,13,Confirmed,4555,21.05,2023-05-22T06:07:52Z,PEK,FRA,160,4555,21.05,YNZ,POWER PACK BEAUTY EQUIPMENT LADY BAGS NOT RESTRICT,"General Cargo, not restr",PEK,FRA,LH8431,29/05/2023,28/05/2023 19:20,29/05/2023 08:00,NULL,29/05/2023 03:10,#VALUE!,NULL,30/05/2023 20:36,30/05/2023 18:36,DLV,Delivered Destination Airport,020-16360886,DLV,NULL,NULL,11
PEK-16360886,DLV,2,13,Confirmed,4555,21.05,2023-05-22T06:07:52Z,PEK,FRA,160,4555,21.05,YNZ,POWER PACK BEAUTY EQUIPMENT LADY BAGS NOT RESTRICT,"General Cargo, not restr",PEK,FRA,LH8431,29/05/2023,28/05/2023 19:20,29/05/2023 08:00,NULL,29/05/2023 03:10,#VALUE!,NULL,30/05/2023 20:36,30/05/2023 18:36,DLV,Delivered Destination Airport,020-16360886,DLV,NULL,NULL,7
PEK-16360886,DLV,2,13,Confirmed,4555,21.05,2023-05-22T06:07:52Z,PEK,FRA,160,4555,21.05,YNZ,POWER PACK BEAUTY EQUIPMENT LADY BAGS NOT RESTRICT,"General Cargo, not restr",PEK,FRA,LH8431,29/05/2023,28/05/2023 19:20,29/05/2023 08:00,NULL,29/05/2023 03:10,#VALUE!,NULL,30/05/2023 20:37,30/05/2023 18:37,DLV,Delivered Destination Airport,020-16360886,DLV,NULL,NULL,15
PEK-16360886,DLV,2,13,Confirmed,4555,21.05,2023-05-22T06:07:52Z,PEK,FRA,160,4555,21.05,YNZ,POWER PACK BEAUTY EQUIPMENT LADY BAGS NOT RESTRICT,"General Cargo, not restr",PEK,FRA,LH8431,29/05/2023,28/05/2023 19:20,29/05/2023 08:00,NULL,29/05/2023 03:10,#VALUE!,NULL,30/05/2023 20:37,30/05/2023 18:37,DLV,Delivered Destination Airport,020-16360886,DLV,NULL,NULL,5
PEK-16360886,DLV,2,13,Confirmed,4555,21.05,2023-05-22T06:07:52Z,PEK,FRA,160,4555,21.05,YNZ,POWER PACK BEAUTY EQUIPMENT LADY BAGS NOT RESTRICT,"General Cargo, not restr",PEK,FRA,LH8431,29/05/2023,28/05/2023 19:20,29/05/2023 08:00,NULL,29/05/2023 03:10,#VALUE!,NULL,30/05/2023 20:38,30/05/2023 18:38,DLV,Delivered Destination Airport,020-16360886,DLV,NULL,NULL,9
PEK-16360886,DLV,2,13,Confirmed,4555,21.05,2023-05-22T06:07:52Z,PEK,FRA,160,4555,21.05,YNZ,POWER PACK BEAUTY EQUIPMENT LADY BAGS NOT RESTRICT,"General Cargo, not restr",PEK,FRA,LH8431,29/05/2023,28/05/2023 19:20,29/05/2023 08:00,NULL,29/05/2023 03:10,#VALUE!,NULL,30/05/2023 20:38,30/05/2023 18:38,DLV,Delivered Destination Airport,020-16360886,DLV,NULL,NULL,9
PEK-16360886,DLV,2,13,Confirmed,4555,21.05,2023-05-22T06:07:52Z,PEK,FRA,160,4555,21.05,YNZ,POWER PACK BEAUTY EQUIPMENT LADY BAGS NOT RESTRICT,"General Cargo, not restr",PEK,FRA,LH8431,29/05/2023,28/05/2023 19:20,29/05/2023 08:00,NULL,29/05/2023 03:10,#VALUE!,NULL,30/05/2023 20:38,30/05/2023 18:38,DLV,Delivered Destination Airport,020-16360886,DLV,NULL,NULL,10
PEK-16360886,DLV,2,13,Confirmed,4555,21.05,2023-05-22T06:07:52Z,PEK,FRA,160,4555,21.05,YNZ,POWER PACK BEAUTY EQUIPMENT LADY BAGS NOT RESTRICT,"General Cargo, not restr",PEK,FRA,LH8431,29/05/2023,28/05/2023 19:20,29/05/2023 08:00,NULL,29/05/2023 03:10,#VALUE!,NULL,30/05/2023 20:40,30/05/2023 18:40,DLV,Delivered Destination Airport,020-16360886,DLV,NULL,NULL,9
PEK-16360886,DLV,2,13,Confirmed,4555,21.05,2023-05-22T06:07:52Z,PEK,FRA,160,4555,21.05,YNZ,POWER PACK BEAUTY EQUIPMENT LADY BAGS NOT RESTRICT,"General Cargo, not restr",PEK,FRA,LH8431,29/05/2023,28/05/2023 19:20,29/05/2023 08:00,NULL,29/05/2023 03:10,#VALUE!,NULL,30/05/2023 20:40,30/05/2023 18:40,DLV,Delivered Destination Airport,020-16360886,DLV,NULL,NULL,12
PEK-16360886,DLV,2,13,Confirmed,4555,21.05,2023-05-22T06:07:52Z,PEK,FRA,160,4555,21.05,YNZ,POWER PACK BEAUTY EQUIPMENT LADY BAGS NOT RESTRICT,"General Cargo, not restr",PEK,FRA,LH8431,29/05/2023,28/05/2023 19:20,29/05/2023 08:00,NULL,29/05/2023 03:10,#VALUE!,NULL,30/05/2023 20:42,30/05/2023 18:42,DLV,Delivered Destination Airport,020-16360886,DLV,NULL,NULL,14
PIT-31159251,DLV,12,5,Confirmed,220,1.62,2023-05-20T03:19:48Z,PIT,DUS,1,137.5,1.32,YNZ,"Exhibition goods, not restr","Exhibition goods, not restr",PIT,JFK,LH6744S,25/05/2023,26/05/2023 02:00,26/05/2023 13:00,NULL,25/05/2023 22:00,-0:15,NULL,30/05/2023 21:54,30/05/2023 19:54,DLV,Delivered Destination Airport,020-31159251,DLV,NULL,NULL,1
BUD-24599886,DEP,3,13,Confirmed,1269.5,20,2023-05-23T07:05:14Z,BUD,GRU,10,1269.3,7.29,FCP,PERISHABLE VACCINESN OT RESTRICTED HSCOD E 300242,"Pharma + diagnostics, not restr, temp-sens",BUD,FRA,LH7441S,26/05/2023,26/05/2023 20:00,27/05/2023 13:15,NULL,26/05/2023 23:00,+1:45,23/0100/,30/05/2023 22:13,30/05/2023 20:13,DEP,Departed,020-24599886,DEP,NULL,NULL,10
BUD-24599886,MAN,2,13,Confirmed,1269.5,20,2023-05-23T07:05:14Z,BUD,GRU,10,1269.3,7.29,FCP,PERISHABLE VACCINESN OT RESTRICTED HSCOD E 300242,"Pharma + diagnostics, not restr, temp-sens",BUD,FRA,LH7441S,26/05/2023,26/05/2023 20:00,27/05/2023 13:15,NULL,26/05/2023 23:00,+1:45,23/0100/,30/05/2023 20:53,30/05/2023 18:53,FOW,Freight out Warehouse,020-24599886,MAN,NULL,NULL,10
PVG-31634632,ARR,4,8,Confirmed,231,0.86,2023-05-24T09:49:07Z,PVG,MXP,1,231,0.67,YNZ,CONSOLIDATION CARGOAS PER ATTACHEDMANIFESTNOT REST,"General Cargo, not restr (SMU)",PVG,VIE,OS0076,27/05/2023,27/05/2023 02:10,27/05/2023 14:35,NULL,27/05/2023 10:09,+0:5,NULL,30/05/2023 19:38,30/05/2023 17:38,ARR,Arrived,020-31634632,ARR,NULL,NULL,1
PVG-31634632,DEP,1,8,Confirmed,231,0.86,2023-05-24T09:49:07Z,PVG,MXP,1,231,0.67,YNZ,CONSOLIDATION CARGOAS PER ATTACHEDMANIFESTNOT REST,"General Cargo, not restr (SMU)",PVG,VIE,OS0076,27/05/2023,27/05/2023 02:10,27/05/2023 14:35,NULL,27/05/2023 10:09,+0:5,NULL,30/05/2023 18:27,30/05/2023 16:27,DEP,Departed,020-31634632,DEP,NULL,NULL,1
PVG-31634632,NFD,8,8,Confirmed,231,0.86,2023-05-24T09:49:07Z,PVG,MXP,1,231,0.67,YNZ,CONSOLIDATION CARGOAS PER ATTACHEDMANIFESTNOT REST,"General Cargo, not restr (SMU)",PVG,VIE,OS0076,27/05/2023,27/05/2023 02:10,27/05/2023 14:35,NULL,27/05/2023 10:09,+0:5,NULL,30/05/2023 20:59,30/05/2023 18:59,NFD,Notified for Delivery,020-31634632,NFD,NULL,NULL,1
PVG-31634632,RCF,5,8,Confirmed,231,0.86,2023-05-24T09:49:07Z,PVG,MXP,1,231,0.67,YNZ,CONSOLIDATION CARGOAS PER ATTACHEDMANIFESTNOT REST,"General Cargo, not restr (SMU)",PVG,VIE,OS0076,27/05/2023,27/05/2023 02:10,27/05/2023 14:35,NULL,27/05/2023 10:09,+0:5,NULL,30/05/2023 20:59,30/05/2023 18:59,RCF ,Received Cargo from Flight,020-31634632,RCF,NULL,NULL,1
FRA-32642315,DEP,7,6,Confirmed,11780,47,2023-05-24T11:30:18Z,FRA,ICN,29,11779,47,YNB,CONSOLIDATION AS PERATTACHED MANIFEST,Consolidation (BUP),FRA,ICN,LH8384,29/05/2023,29/05/2023 19:40,30/05/2023 14:50,NULL,29/05/2023 21:35,-0:27,NULL,29/05/2023 21:35,29/05/2023 19:35,DEP,Departed,020-32642315,DEP,NULL,NULL,29
FRA-32642315,DEP,7,6,Confirmed,11780,47,2023-05-24T11:30:18Z,FRA,ICN,29,11779,47,YNB,CONSOLIDATION AS PERATTACHED MANIFEST,Consolidation (BUP),FRA,ICN,LH8384,29/05/2023,29/05/2023 19:40,30/05/2023 14:50,NULL,29/05/2023 21:35,-0:27,NULL,29/05/2023 21:35,29/05/2023 19:35,DEP,Departed,020-32642315,DEP,NULL,NULL,29
PRG-34250565,DLV,10,7,Confirmed,1506,9.07,2023-05-23T07:22:09Z,PRG,ATL,7,1506,7.2,ZXF,DOOR LACK - NOTRECTRICTEDHS CODE83012000INV.NO. 96,"Spare parts, not restr",PRG,FRA,LH7433S,27/05/2023,27/05/2023 18:30,28/05/2023 03:30,28/05/2023 04:13,27/05/2023 18:50,#VALUE!,NULL,30/05/2023 17:33,30/05/2023 21:33,DLV,Delivered Destination Airport,020-34250565,DLV,NULL,NULL,7
SWK-36282201,DLV,14,9,Confirmed,989,4.03,2023-05-23T09:03:42Z,SWK,ATL,2,988.5,3.73,YNC,CONSOL SHIPMENT ASPER ATTACHEDMANIFEST,"Consolidation, not restr",SWK,FRA,LH7471S,25/05/2023,25/05/2023 19:00,26/05/2023 13:00,NULL,25/05/2023 19:50,#VALUE!,NULL,30/05/2023 14:32,30/05/2023 18:32,DLV,Delivered Destination Airport,020-36282201,DLV,NULL,NULL,2
DFW-55108970,DIS,9,9,Confirmed,19,0.11,2023-05-25T12:21:56Z,DFW,CPH,3,13,0.11,YDG,CIVIL AIRCRAFT PARTSHTS 3911.90.9010 3506.10.0000,Combination of DG pax + cargo,DFW,IAH,LH6865S,26/05/2023,27/05/2023 01:00,27/05/2023 16:00,NULL,26/05/2023 19:45,-0:30,NULL,30/05/2023 18:31,30/05/2023 16:31,DIS,Irregularity,020-55108970,DIS,FDAW,NULL,3
DFW-55108970,DIS,9,9,Confirmed,19,0.11,2023-05-25T12:21:56Z,DFW,CPH,3,13,0.11,YDG,CIVIL AIRCRAFT PARTSHTS 3911.90.9010 3506.10.0000,Combination of DG pax + cargo,DFW,IAH,LH6865S,26/05/2023,27/05/2023 01:00,27/05/2023 16:00,NULL,26/05/2023 19:45,-0:30,NULL,30/05/2023 18:31,30/05/2023 16:31,DIS,Discrepancies,020-55108970,DIS,FDAW,NULL,3
DFW-55108970,DIS,9,9,Confirmed,19,0.11,2023-05-25T12:21:56Z,DFW,CPH,3,13,0.11,YDG,CIVIL AIRCRAFT PARTSHTS 3911.90.9010 3506.10.0000,Combination of DG pax + cargo,DFW,IAH,LH6865S,26/05/2023,27/05/2023 01:00,27/05/2023 16:00,NULL,26/05/2023 19:45,-0:30,NULL,30/05/2023 18:31,30/05/2023 16:31,DIS,Irregularity,020-55108970,DIS,FDAW,NULL,3
DFW-55108970,DIS,9,9,Confirmed,19,0.11,2023-05-25T12:21:56Z,DFW,CPH,3,13,0.11,YDG,CIVIL AIRCRAFT PARTSHTS 3911.90.9010 3506.10.0000,Combination of DG pax + cargo,DFW,IAH,LH6865S,26/05/2023,27/05/2023 01:00,27/05/2023 16:00,NULL,26/05/2023 19:45,-0:30,NULL,30/05/2023 18:31,30/05/2023 16:31,DIS,Discrepancies,020-55108970,DIS,FDAW,NULL,3
EBB-45893411,MAN,1,17,Confirmed,2559,6.58,2023-05-24T06:42:52Z,EBB,PDX,42,2559,6,YNZ,COFFEE,"General Cargo, not restr",EBB,BRU,SN0467,26/05/2023,26/05/2023 20:25,27/05/2023 04:40,26/05/2023 19:00,26/05/2023 10:36,+0:10,NULL,30/05/2023 15:32,30/05/2023 22:32,FOW,Freight out Warehouse,020-45893411,MAN,NULL,NULL,42
ATL-83397204,ARR,4,7,Confirmed,286,2,2023-05-24T14:35:15Z,ATL,KWI,1,286,1.64,YCP,LAB SUPPLIES NON HAZ,"General Cargo, not restr",ATL,FRA,LH0445,27/05/2023,27/05/2023 20:10,28/05/2023 05:05,NULL,27/05/2023 16:08,+0:2,NULL,30/05/2023 20:36,30/05/2023 17:36,ARR,Arrived,020-83397204,ARR,NULL,NULL,1
ATL-83397204,NFD,7,7,Confirmed,286,2,2023-05-24T14:35:15Z,ATL,KWI,1,286,1.64,YCP,LAB SUPPLIES NON HAZ,"General Cargo, not restr",ATL,FRA,LH0445,27/05/2023,27/05/2023 20:10,28/05/2023 05:05,NULL,27/05/2023 16:08,+0:2,NULL,30/05/2023 22:51,30/05/2023 19:51,NFD,Notified for Delivery,020-83397204,NFD,NULL,NULL,1
ATL-83397204,RCF,5,7,Confirmed,286,2,2023-05-24T14:35:15Z,ATL,KWI,1,286,1.64,YCP,LAB SUPPLIES NON HAZ,"General Cargo, not restr",ATL,FRA,LH0445,27/05/2023,27/05/2023 20:10,28/05/2023 05:05,NULL,27/05/2023 16:08,+0:2,NULL,30/05/2023 22:51,30/05/2023 19:51,RCF ,Received Cargo from Flight,020-83397204,RCF,NULL,NULL,1
AMS-98701341,ARR,5,6,Confirmed,542,1.4,2023-05-25T11:22:08Z,AMS,DSS,1,542,1.03,FDG,OIL GAS EQUIPMENTPHT23A470311229886CMPO174120552A,DG Cl. 9 other restr material,AMS,BRU,LH6347S,30/05/2023,30/05/2023 18:30,30/05/2023 23:30,30/05/2023 21:57,30/05/2023 20:06,-0:3,NULL,31/05/2023 00:16,30/05/2023 22:16,ARR,Arrived,020-98701341,ARR,NULL,NULL,1
AMS-98701341,DEP,2,6,Confirmed,542,1.4,2023-05-25T11:22:08Z,AMS,DSS,1,542,1.03,FDG,OIL GAS EQUIPMENTPHT23A470311229886CMPO174120552A,DG Cl. 9 other restr material,AMS,BRU,LH6347S,30/05/2023,30/05/2023 18:30,30/05/2023 23:30,30/05/2023 21:57,30/05/2023 20:06,-0:3,NULL,30/05/2023 20:19,30/05/2023 18:19,DEP,Departed,020-98701341,DEP,NULL,NULL,1
AMS-98701341,DEP,2,6,Confirmed,542,1.4,2023-05-25T11:22:08Z,AMS,DSS,1,542,1.03,FDG,OIL GAS EQUIPMENTPHT23A470311229886CMPO174120552A,DG Cl. 9 other restr material,AMS,BRU,LH6347S,30/05/2023,30/05/2023 18:30,30/05/2023 23:30,30/05/2023 21:57,30/05/2023 20:06,-0:3,NULL,30/05/2023 20:19,30/05/2023 18:19,DEP,Departed,020-98701341,DEP,NULL,NULL,1
AMS-98701341,MAN,4,6,Confirmed,542,1.4,2023-05-25T11:22:08Z,AMS,DSS,1,542,1.03,FDG,OIL GAS EQUIPMENTPHT23A470311229886CMPO174120552A,DG Cl. 9 other restr material,AMS,BRU,LH6347S,30/05/2023,30/05/2023 18:30,30/05/2023 23:30,30/05/2023 21:57,30/05/2023 20:06,-0:3,NULL,30/05/2023 20:26,30/05/2023 18:26,FOW,Freight out Warehouse,020-98701341,MAN,NULL,NULL,1
HAM-31714535,ARR,4,5,Confirmed,181,2.81,2023-05-25T10:51:48Z,HAM,TAO,4,181,0.84,YNZ,GASKETS O-RING NOZZLNOZZLE ELEMENT LEVER-SPARE PAR,"Ship parts, not restr",HAM,FRA,LH7007S,26/05/2023,26/05/2023 19:00,27/05/2023 04:00,27/05/2023 05:20,26/05/2023 21:00,-0:40,NULL,31/05/2023 11:00,31/05/2023 03:00,ARR,Arrived,020-31714535,ARR,NULL,NULL,4
HAM-31714535,NFD,12,5,Confirmed,181,2.81,2023-05-25T10:51:48Z,HAM,TAO,4,181,0.84,YNZ,GASKETS O-RING NOZZLNOZZLE ELEMENT LEVER-SPARE PAR,"Ship parts, not restr",HAM,FRA,LH7007S,26/05/2023,26/05/2023 19:00,27/05/2023 04:00,27/05/2023 05:20,26/05/2023 21:00,-0:40,NULL,31/05/2023 11:20,31/05/2023 03:20,NFD,Notified for Delivery,020-31714535,NFD,NULL,NULL,4
HAM-31714535,RCF,6,5,Confirmed,181,2.81,2023-05-25T10:51:48Z,HAM,TAO,4,181,0.84,YNZ,GASKETS O-RING NOZZLNOZZLE ELEMENT LEVER-SPARE PAR,"Ship parts, not restr",HAM,FRA,LH7007S,26/05/2023,26/05/2023 19:00,27/05/2023 04:00,27/05/2023 05:20,26/05/2023 21:00,-0:40,NULL,31/05/2023 11:10,31/05/2023 03:10,RCF ,Received Cargo from Flight,020-31714535,RCF,NULL,NULL,4
AMS-98701341,MAN,4,6,Confirmed,542,1.4,2023-05-25T11:22:08Z,AMS,DSS,1,542,1.03,FDG,OIL GAS EQUIPMENTPHT23A470311229886CMPO174120552A,DG Cl. 9 other restr material,AMS,BRU,LH6347S,30/05/2023,30/05/2023 18:30,30/05/2023 23:30,30/05/2023 21:57,30/05/2023 20:06,-0:3,NULL,31/05/2023 03:10,31/05/2023 01:10,FOW,Freight out Warehouse,020-98701341,MAN,NULL,NULL,1
AMS-98701341,RCF,6,6,Confirmed,542,1.4,2023-05-25T11:22:08Z,AMS,DSS,1,542,1.03,FDG,OIL GAS EQUIPMENTPHT23A470311229886CMPO174120552A,DG Cl. 9 other restr material,AMS,BRU,LH6347S,30/05/2023,30/05/2023 18:30,30/05/2023 23:30,30/05/2023 21:57,30/05/2023 20:06,-0:3,NULL,31/05/2023 01:34,30/05/2023 23:34,RCF ,Received Cargo from Flight,020-98701341,RCF,NULL,NULL,1
AMS-98701341,RCF,6,6,Confirmed,542,1.4,2023-05-25T11:22:08Z,AMS,DSS,1,542,1.03,FDG,OIL GAS EQUIPMENTPHT23A470311229886CMPO174120552A,DG Cl. 9 other restr material,AMS,BRU,LH6347S,30/05/2023,30/05/2023 18:30,30/05/2023 23:30,30/05/2023 21:57,30/05/2023 20:06,-0:3,NULL,31/05/2023 01:37,30/05/2023 23:37,RCF ,Received Cargo from Flight,020-98701341,RCF,NULL,NULL,1
FRA-95128880,ARR,5,18,Confirmed,481.5,2.34,2023-05-11T14:00:40Z,FRA,NRT,158,481.2,2.34,YDG,ACRYLAMIDERESTRICTED,Combination of DG pax + cargo,FRA,MUC,LH7260S,28/05/2023,28/05/2023 19:30,29/05/2023 02:30,29/05/2023 02:01,28/05/2023 20:15,#VALUE!,NULL,31/05/2023 08:22,30/05/2023 23:22,ARR,Arrived,020-95128880,ARR,NULL,NULL,158
FRA-95128880,DEP,8,18,Confirmed,481.5,2.34,2023-05-11T14:00:40Z,FRA,NRT,158,481.2,2.34,YDG,ACRYLAMIDERESTRICTED,Combination of DG pax + cargo,FRA,MUC,LH7260S,28/05/2023,28/05/2023 19:30,29/05/2023 02:30,29/05/2023 02:01,28/05/2023 20:15,#VALUE!,NULL,31/05/2023 12:10,31/05/2023 03:10,DEP,Departed,020-95128880,DEP,NULL,NULL,158
FRA-95128880,MAN,7,18,Confirmed,481.5,2.34,2023-05-11T14:00:40Z,FRA,NRT,158,481.2,2.34,YDG,ACRYLAMIDERESTRICTED,Combination of DG pax + cargo,FRA,MUC,LH7260S,28/05/2023,28/05/2023 19:30,29/05/2023 02:30,29/05/2023 02:01,28/05/2023 20:15,#VALUE!,NULL,31/05/2023 12:15,31/05/2023 03:15,FOW,Freight out Warehouse,020-95128880,MAN,NULL,NULL,158
FRA-95128880,MAN,7,18,Confirmed,481.5,2.34,2023-05-11T14:00:40Z,FRA,NRT,158,481.2,2.34,YDG,ACRYLAMIDERESTRICTED,Combination of DG pax + cargo,FRA,MUC,LH7260S,28/05/2023,28/05/2023 19:30,29/05/2023 02:30,29/05/2023 02:01,28/05/2023 20:15,#VALUE!,NULL,31/05/2023 11:33,31/05/2023 02:33,FOW,Freight out Warehouse,020-95128880,MAN,NULL,NULL,158
FRA-95128880,RCF,6,18,Confirmed,481.5,2.34,2023-05-11T14:00:40Z,FRA,NRT,158,481.2,2.34,YDG,ACRYLAMIDERESTRICTED,Combination of DG pax + cargo,FRA,MUC,LH7260S,28/05/2023,28/05/2023 19:30,29/05/2023 02:30,29/05/2023 02:01,28/05/2023 20:15,#VALUE!,NULL,31/05/2023 09:53,31/05/2023 00:53,RCF ,Received Cargo from Flight,020-95128880,RCF,NULL,NULL,158
FRA-32642315,LDP,1,6,Confirmed,11780,47,2023-05-24T11:30:18Z,FRA,ICN,29,11779,47,YNB,CONSOLIDATION AS PERATTACHED MANIFEST,Consolidation (BUP),FRA,ICN,LH8384,29/05/2023,29/05/2023 19:40,30/05/2023 14:50,NULL,29/05/2023 21:35,-0:27,NULL,19/05/2023 08:09,19/05/2023 06:09,RCS,Ready for Carriage,020-32642315,LDP,NULL,NULL,999
